Datetime,Open,High,Low,Close,Volume,Dividends,Stock Splits
2024-12-18 09:30:00-05:00,21979.271484375,21987.576171875,21896.708984375,21977.826171875,90993270,0.0,0.0
2024-12-18 10:00:00-05:00,21975.09765625,22002.623046875,21963.650390625,21996.328125,73390925,0.0,0.0
2024-12-18 10:30:00-05:00,21999.765625,22038.08203125,21985.837890625,22009.326171875,60629976,0.0,0.0
2024-12-18 11:00:00-05:00,22008.064453125,22025.515625,21945.673828125,21996.408203125,62555683,0.0,0.0
2024-12-18 11:30:00-05:00,21999.22265625,22013.111328125,21991.291015625,21993.81640625,51573838,0.0,0.0
2024-12-18 12:00:00-05:00,21991.13671875,22011.38671875,21980.359375,21989.953125,46515959,0.0,0.0
2024-12-18 12:30:00-05:00,21987.85546875,22001.484375,21966.69921875,21988.77734375,37630687,0.0,0.0
2024-12-18 13:00:00-05:00,21987.9375,22001.45703125,21979.48046875,21979.591796875,34677035,0.0,0.0
2024-12-18 13:30:00-05:00,21980.361328125,21992.568359375,21964.990234375,21980.828125,36292045,0.0,0.0
2024-12-18 14:00:00-05:00,21935.7734375,21969.599609375,21775.873046875,21778.9140625,78054605,0.0,0.0
2024-12-18 14:30:00-05:00,21777.546875,21822.236328125,21608.275390625,21617.56640625,81291629,0.0,0.0
2024-12-18 15:00:00-05:00,21616.20703125,21630.755859375,21413.818359375,21421.798828125,115242408,0.0,0.0
2024-12-18 15:30:00-05:00,21434.67578125,21464.181640625,21149.58203125,21192.892578125,196690750,0.0,0.0
2024-12-19 09:30:00-05:00,21362.1875,21413.625,21279.87109375,21304.5546875,115698371,0.0,0.0
2024-12-19 10:00:00-05:00,21311.470703125,21349.599609375,21216.26953125,21220.189453125,107350483,0.0,0.0
2024-12-19 10:30:00-05:00,21235.8828125,21292.3671875,21189.208984375,21275.39453125,88263351,0.0,0.0
2024-12-19 11:00:00-05:00,21271.634765625,21332.748046875,21184.736328125,21324.208984375,476830765,0.0,0.0
2024-12-19 11:30:00-05:00,21311.9921875,21345.580078125,21268.76953125,21280.916015625,61862990,0.0,0.0
2024-12-19 12:00:00-05:00,21281.76171875,21286.984375,21167.16796875,21178.361328125,52635619,0.0,0.0
2024-12-19 12:30:00-05:00,21181.9140625,21242.556640625,21159.05078125,21241.283203125,56054605,0.0,0.0
2024-12-19 13:00:00-05:00,21235.859375,21258.244140625,21163.76953125,21254.578125,45602953,0.0,0.0
2024-12-19 13:30:00-05:00,21252.21875,21319.5390625,21237.619140625,21319.5390625,46822736,0.0,0.0
2024-12-19 14:00:00-05:00,21316.513671875,21318.58203125,21215.783203125,21225.80078125,44766336,0.0,0.0
2024-12-19 14:30:00-05:00,21225.912109375,21227.380859375,21187.970703125,21190.09375,41543092,0.0,0.0
2024-12-19 15:00:00-05:00,21192.57421875,21255.103515625,21161.244140625,21215.3046875,55211770,0.0,0.0
2024-12-19 15:30:00-05:00,21219.330078125,21232.763671875,21093.646484375,21107.583984375,111929028,0.0,0.0
2024-12-20 09:30:00-05:00,20943.458984375,21043.818359375,20915.546875,20971.453125,292329609,0.0,0.0
2024-12-20 10:00:00-05:00,20985.595703125,21199.92578125,20985.595703125,21199.92578125,79129392,0.0,0.0
2024-12-20 10:30:00-05:00,21199.857421875,21292.294921875,21199.857421875,21260.154296875,78916284,0.0,0.0
2024-12-20 11:00:00-05:00,21263.11328125,21409.501953125,21254.5078125,21401.103515625,574201597,0.0,0.0
2024-12-20 11:30:00-05:00,21401.171875,21515.537109375,21401.171875,21487.9765625,67223393,0.0,0.0
2024-12-20 12:00:00-05:00,21485.6484375,21539.97265625,21466.974609375,21539.97265625,51185637,0.0,0.0
2024-12-20 12:30:00-05:00,21539.1953125,21539.875,21471.671875,21489.6953125,48283397,0.0,0.0
2024-12-20 13:00:00-05:00,21488.171875,21500.208984375,21401.431640625,21401.9765625,48585887,0.0,0.0
2024-12-20 13:30:00-05:00,21401.6015625,21444.662109375,21388.716796875,21401.546875,43773671,0.0,0.0
2024-12-20 14:00:00-05:00,21401.408203125,21444.5546875,21383.958984375,21444.416015625,47383055,0.0,0.0
2024-12-20 14:30:00-05:00,21446.708984375,21477.443359375,21421.462890625,21429.072265625,44809495,0.0,0.0
2024-12-20 15:00:00-05:00,21429.998046875,21440.580078125,21381.650390625,21384.390625,54550706,0.0,0.0
2024-12-20 15:30:00-05:00,21385.11328125,21392.0625,21254.123046875,21296.05859375,145167770,0.0,0.0
2024-12-23 09:30:00-05:00,21371.84765625,21414.58984375,21303.58203125,21373.318359375,93848846,0.0,0.0
2024-12-23 10:00:00-05:00,21369.9765625,21370.271484375,21225.15625,21287.00390625,81720376,0.0,0.0
2024-12-23 10:30:00-05:00,21287.046875,21332.849609375,21272.501953125,21301.681640625,55560387,0.0,0.0
2024-12-23 11:00:00-05:00,21300.169921875,21375.130859375,21300.169921875,21374.0078125,50963250,0.0,0.0
2024-12-23 11:30:00-05:00,21371.939453125,21433.97265625,21346.35546875,21432.490234375,47981373,0.0,0.0
2024-12-23 12:00:00-05:00,21430.587890625,21458.56640625,21386.55078125,21410.83984375,43501227,0.0,0.0
2024-12-23 12:30:00-05:00,21411.943359375,21451.484375,21401.673828125,21432.3046875,36714168,0.0,0.0
2024-12-23 13:00:00-05:00,21432.619140625,21467.673828125,21426.53125,21454.703125,40780520,0.0,0.0
2024-12-23 13:30:00-05:00,21454.013671875,21487.802734375,21454.013671875,21483.7265625,36668627,0.0,0.0
2024-12-23 14:00:00-05:00,21482.888671875,21509.326171875,21480.251953125,21493.30859375,37525578,0.0,0.0
2024-12-23 14:30:00-05:00,21494.18359375,21499.162109375,21448.572265625,21450.0390625,39072165,0.0,0.0
2024-12-23 15:00:00-05:00,21444.47265625,21451.3203125,21408.9453125,21447.0625,49268859,0.0,0.0
2024-12-23 15:30:00-05:00,21450.150390625,21509.029296875,21449.1328125,21496.21875,87164854,0.0,0.0
2024-12-24 09:30:00-05:00,21562.484375,21650.3203125,21560.3125,21649.828125,83283263,0.0,0.0
2024-12-24 10:00:00-05:00,21652.173828125,21685.736328125,21646.888671875,21671.556640625,66553939,0.0,0.0
2024-12-24 10:30:00-05:00,21672.1484375,21711.98828125,21670.060546875,21706.853515625,53655621,0.0,0.0
2024-12-24 11:00:00-05:00,21704.60546875,21731.728515625,21699.9921875,21726.77734375,43481782,0.0,0.0
2024-12-24 11:30:00-05:00,21725.95703125,21744.412109375,21709.0390625,21714.49609375,42807444,0.0,0.0
2024-12-24 12:00:00-05:00,21713.751953125,21747.240234375,21711.90234375,21742.10546875,38405515,0.0,0.0
2024-12-24 12:30:00-05:00,21740.3359375,21793.025390625,21696.728515625,21793.025390625,79839083,0.0,0.0
2024-12-26 09:30:00-05:00,21740.875,21766.025390625,21649.076171875,21721.091796875,63431635,0.0,0.0
2024-12-26 10:00:00-05:00,21719.431640625,21759.517578125,21698.8671875,21758.24609375,60071252,0.0,0.0
2024-12-26 10:30:00-05:00,21757.978515625,21776.03125,21741.62109375,21775.09375,43148959,0.0,0.0
2024-12-26 11:00:00-05:00,21774.62109375,21783.818359375,21747.314453125,21759.130859375,38451602,0.0,0.0
2024-12-26 11:30:00-05:00,21758.87890625,21806.69921875,21758.87890625,21804.177734375,32118013,0.0,0.0
2024-12-26 12:00:00-05:00,21805.244140625,21837.6953125,21794.4296875,21794.5859375,34079335,0.0,0.0
2024-12-26 12:30:00-05:00,21795.353515625,21813.673828125,21749.53125,21771.37890625,30945314,0.0,0.0
2024-12-26 13:00:00-05:00,21771.212890625,21802.154296875,21771.212890625,21800.87109375,26744055,0.0,0.0
2024-12-26 13:30:00-05:00,21800.93359375,21803.67578125,21767.42578125,21781.263671875,25054030,0.0,0.0
2024-12-26 14:00:00-05:00,21781.189453125,21784.0625,21763.255859375,21773.015625,24520516,0.0,0.0
2024-12-26 14:30:00-05:00,21773.861328125,21810.380859375,21770.720703125,21809.568359375,24935664,0.0,0.0
2024-12-26 15:00:00-05:00,21807.90234375,21821.35546875,21796.685546875,21814.158203125,28126225,0.0,0.0
2024-12-26 15:30:00-05:00,21811.7265625,21821.8828125,21764.845703125,21764.845703125,64275047,0.0,0.0
2024-12-27 09:30:00-05:00,21642.193359375,21642.193359375,21474.39453125,21484.208984375,76018545,0.0,0.0
2024-12-27 10:00:00-05:00,21489.3125,21492.22265625,21307.513671875,21351.349609375,89712372,0.0,0.0
2024-12-27 10:30:00-05:00,21350.677734375,21404.998046875,21304.56640625,21389.48046875,268252319,0.0,0.0
2024-12-27 11:00:00-05:00,21386.076171875,21429.263671875,21334.5,21429.263671875,45085169,0.0,0.0
2024-12-27 11:30:00-05:00,21428.212890625,21433.197265625,21319.078125,21340.505859375,42086836,0.0,0.0
2024-12-27 12:00:00-05:00,21339.09765625,21351.53125,21292.421875,21322.810546875,37651766,0.0,0.0
2024-12-27 12:30:00-05:00,21322.900390625,21362.224609375,21298.0703125,21359.333984375,33291132,0.0,0.0
2024-12-27 13:00:00-05:00,21358.48046875,21388.263671875,21348.134765625,21373.25,28389259,0.0,0.0
2024-12-27 13:30:00-05:00,21373.21875,21455.796875,21367.7109375,21449.482421875,28691880,0.0,0.0
2024-12-27 14:00:00-05:00,21449.408203125,21462.27734375,21418.439453125,21424.19921875,31858258,0.0,0.0
2024-12-27 14:30:00-05:00,21424.263671875,21490.44140625,21420.40234375,21480.08203125,36275971,0.0,0.0
2024-12-27 15:00:00-05:00,21480.763671875,21480.763671875,21409.939453125,21428.8515625,36873976,0.0,0.0
2024-12-27 15:30:00-05:00,21427.419921875,21490.84765625,21389.984375,21474.9609375,83212687,0.0,0.0
2024-12-30 09:30:00-05:00,21194.587890625,21194.587890625,21072.419921875,21075.1015625,129641751,0.0,0.0
2024-12-30 10:00:00-05:00,21073.607421875,21134.89453125,21048.0,21069.982421875,72278689,0.0,0.0
2024-12-30 10:30:00-05:00,21067.724609375,21183.0234375,21067.724609375,21157.787109375,53950041,0.0,0.0
2024-12-30 11:00:00-05:00,21155.833984375,21205.974609375,21133.708984375,21183.205078125,41030520,0.0,0.0
2024-12-30 11:30:00-05:00,21184.43359375,21251.61328125,21184.43359375,21244.166015625,37346994,0.0,0.0
2024-12-30 12:00:00-05:00,21245.107421875,21299.73828125,21236.7109375,21297.302734375,40079270,0.0,0.0
2024-12-30 12:30:00-05:00,21297.64453125,21344.974609375,21282.130859375,21333.84765625,38212577,0.0,0.0
2024-12-30 13:00:00-05:00,21332.494140625,21345.435546875,21279.189453125,21305.767578125,37173756,0.0,0.0
2024-12-30 13:30:00-05:00,21304.201171875,21343.69921875,21296.125,21323.466796875,29987376,0.0,0.0
2024-12-30 14:00:00-05:00,21323.52734375,21327.234375,21262.1171875,21291.2890625,30843757,0.0,0.0
2024-12-30 14:30:00-05:00,21290.91796875,21320.87890625,21290.544921875,21310.97265625,28787754,0.0,0.0
2024-12-30 15:00:00-05:00,21307.107421875,21320.662109375,21252.556640625,21252.556640625,37789847,0.0,0.0
2024-12-30 15:30:00-05:00,21255.2109375,21280.724609375,21193.421875,21193.421875,79924708,0.0,0.0
2024-12-31 09:30:00-05:00,21255.861328125,21275.74609375,21167.767578125,21222.111328125,60878291,0.0,0.0
2024-12-31 10:00:00-05:00,21223.66015625,21259.0234375,21137.671875,21212.8203125,60070713,0.0,0.0
2024-12-31 10:30:00-05:00,21212.8984375,21232.48828125,21167.748046875,21178.12890625,39251029,0.0,0.0
2024-12-31 11:00:00-05:00,21178.708984375,21178.708984375,21089.0234375,21097.900390625,41877200,0.0,0.0
2024-12-31 11:30:00-05:00,21094.58203125,21152.185546875,21086.931640625,21124.4609375,35004796,0.0,0.0
2024-12-31 12:00:00-05:00,21121.810546875,21135.962890625,21056.814453125,21059.2734375,32097831,0.0,0.0
2024-12-31 12:30:00-05:00,21058.2265625,21105.34765625,21007.841796875,21105.212890625,40875976,0.0,0.0
2024-12-31 13:00:00-05:00,21101.40234375,21124.029296875,21012.73828125,21018.26953125,33004043,0.0,0.0
2024-12-31 13:30:00-05:00,21014.501953125,21054.484375,21004.609375,21017.564453125,29066468,0.0,0.0
2024-12-31 14:00:00-05:00,21016.69140625,21064.25390625,20990.927734375,20996.0234375,35041558,0.0,0.0
2024-12-31 14:30:00-05:00,20996.736328125,21058.2421875,20979.58203125,21058.2421875,35045608,0.0,0.0
2024-12-31 15:00:00-05:00,21051.51171875,21099.140625,21012.1015625,21097.8984375,41581107,0.0,0.0
2024-12-31 15:30:00-05:00,21099.31640625,21103.634765625,20986.15234375,21019.10546875,85175743,0.0,0.0
2025-01-02 09:30:00-05:00,21117.8359375,21198.6875,20982.998046875,21190.072265625,102316189,0.0,0.0
2025-01-02 10:00:00-05:00,21200.544921875,21236.59375,21064.37109375,21086.87890625,87086623,0.0,0.0
2025-01-02 10:30:00-05:00,21087.419921875,21122.890625,21019.7734375,21075.150390625,63841293,0.0,0.0
2025-01-02 11:00:00-05:00,21078.677734375,21096.625,20999.927734375,21092.00390625,407459244,0.0,0.0
2025-01-02 11:30:00-05:00,21091.203125,21152.39453125,21075.109375,21116.943359375,47490393,0.0,0.0
2025-01-02 12:00:00-05:00,21120.099609375,21134.15625,20955.89453125,20960.873046875,45524430,0.0,0.0
2025-01-02 12:30:00-05:00,20946.810546875,20946.810546875,20801.91015625,20882.21875,60365348,0.0,0.0
2025-01-02 13:00:00-05:00,20882.36328125,20888.19140625,20809.34765625,20866.994140625,42149616,0.0,0.0
2025-01-02 13:30:00-05:00,20860.451171875,20867.302734375,20801.388671875,20853.091796875,39995139,0.0,0.0
2025-01-02 14:00:00-05:00,20852.734375,20923.443359375,20838.4453125,20914.1171875,37618847,0.0,0.0
2025-01-02 14:30:00-05:00,20910.5390625,20943.88671875,20870.380859375,20870.82421875,38643434,0.0,0.0
2025-01-02 15:00:00-05:00,20873.10546875,20975.17578125,20873.10546875,20961.0859375,42330782,0.0,0.0
2025-01-02 15:30:00-05:00,20967.759765625,20993.279296875,20929.498046875,20978.416015625,77979791,0.0,0.0
2025-01-03 09:30:00-05:00,21100.8359375,21230.619140625,21096.5703125,21187.3203125,98555019,0.0,0.0
2025-01-03 10:00:00-05:00,21187.02734375,21229.283203125,21076.521484375,21140.220703125,82075355,0.0,0.0
2025-01-03 10:30:00-05:00,21139.138671875,21199.494140625,21111.220703125,21180.8828125,60926757,0.0,0.0
2025-01-03 11:00:00-05:00,21183.236328125,21227.0078125,21147.421875,21227.0078125,55127356,0.0,0.0
2025-01-03 11:30:00-05:00,21226.3203125,21287.42578125,21225.6171875,21264.73828125,49915781,0.0,0.0
2025-01-03 12:00:00-05:00,21266.125,21283.34765625,21249.89453125,21252.509765625,38691448,0.0,0.0
2025-01-03 12:30:00-05:00,21253.3359375,21275.388671875,21248.935546875,21270.775390625,35533119,0.0,0.0
2025-01-03 13:00:00-05:00,21271.14453125,21304.185546875,21255.65625,21304.185546875,39059764,0.0,0.0
2025-01-03 13:30:00-05:00,21302.880859375,21330.515625,21297.6328125,21313.236328125,40976371,0.0,0.0
2025-01-03 14:00:00-05:00,21310.12890625,21346.921875,21302.771484375,21339.08203125,42247934,0.0,0.0
2025-01-03 14:30:00-05:00,21337.20703125,21359.5625,21334.099609375,21340.158203125,35735436,0.0,0.0
2025-01-03 15:00:00-05:00,21334.064453125,21334.064453125,21310.447265625,21328.787109375,43215340,0.0,0.0
2025-01-03 15:30:00-05:00,21323.19921875,21334.083984375,21285.62109375,21323.234375,94869790,0.0,0.0
2025-01-06 09:30:00-05:00,21552.53515625,21649.080078125,21542.619140625,21623.123046875,129555661,0.0,0.0
2025-01-06 10:00:00-05:00,21629.291015625,21693.18359375,21593.087890625,21683.58984375,102619012,0.0,0.0
2025-01-06 10:30:00-05:00,21686.7890625,21694.916015625,21655.0625,21677.240234375,76355144,0.0,0.0
2025-01-06 11:00:00-05:00,21683.8828125,21703.3203125,21662.59765625,21695.314453125,74790085,0.0,0.0
2025-01-06 11:30:00-05:00,21695.072265625,21695.072265625,21651.8984375,21662.0703125,62631265,0.0,0.0
2025-01-06 12:00:00-05:00,21661.875,21672.88671875,21627.2421875,21636.783203125,58632403,0.0,0.0
2025-01-06 12:30:00-05:00,21632.541015625,21643.337890625,21582.5390625,21604.03515625,48561591,0.0,0.0
2025-01-06 13:00:00-05:00,21603.01171875,21603.01171875,21560.533203125,21594.294921875,45494536,0.0,0.0
2025-01-06 13:30:00-05:00,21594.353515625,21597.31640625,21517.41796875,21517.41796875,45460887,0.0,0.0
2025-01-06 14:00:00-05:00,21515.763671875,21531.21484375,21488.4140625,21521.568359375,51687681,0.0,0.0
2025-01-06 14:30:00-05:00,21521.46484375,21527.87890625,21472.28125,21474.1796875,43212004,0.0,0.0
2025-01-06 15:00:00-05:00,21472.68359375,21540.849609375,21463.21484375,21538.716796875,55745508,0.0,0.0
2025-01-06 15:30:00-05:00,21541.05859375,21562.013671875,21489.328125,21562.013671875,115243267,0.0,0.0
2025-01-07 09:30:00-05:00,21614.263671875,21617.548828125,21514.421875,21524.51171875,123066560,0.0,0.0
2025-01-07 10:00:00-05:00,21495.75,21508.830078125,21344.32421875,21396.765625,125864486,0.0,0.0
2025-01-07 10:30:00-05:00,21389.826171875,21396.74609375,21227.4609375,21363.94140625,123356944,0.0,0.0
2025-01-07 11:00:00-05:00,21368.7734375,21385.02734375,21319.3515625,21374.01953125,77759433,0.0,0.0
2025-01-07 11:30:00-05:00,21372.0078125,21374.544921875,21251.744140625,21256.734375,60395842,0.0,0.0
2025-01-07 12:00:00-05:00,21255.888671875,21289.396484375,21234.083984375,21247.80078125,45671422,0.0,0.0
2025-01-07 12:30:00-05:00,21248.28515625,21279.74609375,21210.455078125,21262.0,37652029,0.0,0.0
2025-01-07 13:00:00-05:00,21260.939453125,21335.111328125,21259.734375,21325.814453125,42392524,0.0,0.0
2025-01-07 13:30:00-05:00,21323.16796875,21324.486328125,21251.275390625,21257.759765625,35509766,0.0,0.0
2025-01-07 14:00:00-05:00,21258.068359375,21290.853515625,21254.6171875,21275.470703125,37796646,0.0,0.0
2025-01-07 14:30:00-05:00,21273.5859375,21274.966796875,21224.970703125,21235.783203125,38642403,0.0,0.0
2025-01-07 15:00:00-05:00,21238.65625,21238.65625,21146.423828125,21149.3125,60052177,0.0,0.0
2025-01-07 15:30:00-05:00,21155.833984375,21186.720703125,21101.294921875,21175.24609375,109176706,0.0,0.0
2025-01-08 09:30:00-05:00,21156.33203125,21190.080078125,21108.623046875,21161.57421875,97537463,0.0,0.0
2025-01-08 10:00:00-05:00,21156.29296875,21215.375,21052.326171875,21105.037109375,104133693,0.0,0.0
2025-01-08 10:30:00-05:00,21103.83203125,21179.40234375,21099.1328125,21169.5078125,60356983,0.0,0.0
2025-01-08 11:00:00-05:00,21170.50390625,21180.3671875,21107.244140625,21150.169921875,52914201,0.0,0.0
2025-01-08 11:30:00-05:00,21150.09375,21230.857421875,21150.09375,21199.947265625,45006147,0.0,0.0
2025-01-08 12:00:00-05:00,21200.337890625,21201.748046875,21004.111328125,21008.75,51831012,0.0,0.0
2025-01-08 12:30:00-05:00,21010.912109375,21097.546875,20993.265625,21087.896484375,49063787,0.0,0.0
2025-01-08 13:00:00-05:00,21085.47265625,21214.40234375,21085.47265625,21199.080078125,48134505,0.0,0.0
2025-01-08 13:30:00-05:00,21197.353515625,21203.259765625,21105.29296875,21141.16796875,39900477,0.0,0.0
2025-01-08 14:00:00-05:00,21140.93359375,21242.251953125,21108.75,21232.50390625,47617791,0.0,0.0
2025-01-08 14:30:00-05:00,21228.595703125,21228.595703125,21142.50390625,21153.984375,38624455,0.0,0.0
2025-01-08 15:00:00-05:00,21157.189453125,21172.59375,21123.85546875,21167.392578125,42135539,0.0,0.0
2025-01-08 15:30:00-05:00,21168.048828125,21194.57421875,21131.818359375,21179.001953125,86017838,0.0,0.0
2025-01-10 09:30:00-05:00,21003.5390625,21011.1015625,20855.68359375,20889.646484375,114697495,0.0,0.0
2025-01-10 10:00:00-05:00,20845.9296875,20868.16015625,20721.126953125,20862.392578125,106362810,0.0,0.0
2025-01-10 10:30:00-05:00,20865.57421875,20954.935546875,20826.935546875,20827.462890625,91079767,0.0,0.0
2025-01-10 11:00:00-05:00,20836.634765625,20836.634765625,20767.060546875,20776.36328125,65468103,0.0,0.0
2025-01-10 11:30:00-05:00,20775.13671875,20818.78515625,20728.880859375,20740.439453125,57336513,0.0,0.0
2025-01-10 12:00:00-05:00,20738.841796875,20794.33984375,20730.47265625,20793.173828125,45451263,0.0,0.0
2025-01-10 12:30:00-05:00,20790.70703125,20872.904296875,20790.70703125,20869.87109375,44129882,0.0,0.0
2025-01-10 13:00:00-05:00,20867.966796875,20963.2265625,20845.31640625,20942.798828125,47885534,0.0,0.0
2025-01-10 13:30:00-05:00,20947.4375,21004.419921875,20926.15625,21001.09375,42340178,0.0,0.0
2025-01-10 14:00:00-05:00,21001.171875,21002.1328125,20883.935546875,20931.484375,45161765,0.0,0.0
2025-01-10 14:30:00-05:00,20930.451171875,20931.14453125,20882.259765625,20920.78125,38289030,0.0,0.0
2025-01-10 15:00:00-05:00,20918.771484375,20929.318359375,20838.70703125,20845.490234375,48630232,0.0,0.0
2025-01-10 15:30:00-05:00,20840.62890625,20874.859375,20818.89453125,20846.12890625,103885010,0.0,0.0
2025-01-13 09:30:00-05:00,20590.0390625,20673.40625,20538.625,20637.099609375,102859448,0.0,0.0
2025-01-13 10:00:00-05:00,20633.814453125,20688.560546875,20553.12109375,20558.0234375,78056705,0.0,0.0
2025-01-13 10:30:00-05:00,20557.43359375,20711.0390625,20557.43359375,20635.70703125,74211048,0.0,0.0
2025-01-13 11:00:00-05:00,20642.255859375,20648.5234375,20586.513671875,20594.28125,55400627,0.0,0.0
2025-01-13 11:30:00-05:00,20592.95703125,20656.51953125,20565.564453125,20572.56640625,46828603,0.0,0.0
2025-01-13 12:00:00-05:00,20572.9921875,20692.61328125,20555.794921875,20679.6328125,48837401,0.0,0.0
2025-01-13 12:30:00-05:00,20678.255859375,20723.9765625,20655.46484375,20721.95703125,38279679,0.0,0.0
2025-01-13 13:00:00-05:00,20719.80078125,20729.845703125,20692.673828125,20722.720703125,33750704,0.0,0.0
2025-01-13 13:30:00-05:00,20722.73828125,20743.091796875,20701.830078125,20725.037109375,39693018,0.0,0.0
2025-01-13 14:00:00-05:00,20723.958984375,20733.091796875,20674.37109375,20724.830078125,38309461,0.0,0.0
2025-01-13 14:30:00-05:00,20721.8046875,20756.0625,20704.916015625,20738.87890625,39340190,0.0,0.0
2025-01-13 15:00:00-05:00,20737.884765625,20753.76171875,20709.1796875,20717.880859375,46337770,0.0,0.0
2025-01-13 15:30:00-05:00,20717.54296875,20797.1015625,20711.01953125,20784.162109375,94263774,0.0,0.0
2025-01-14 09:30:00-05:00,20906.1953125,20968.8203125,20809.82421875,20821.72265625,86612601,0.0,0.0
2025-01-14 10:00:00-05:00,20821.72265625,20944.701171875,20812.708984375,20856.708984375,73981230,0.0,0.0
2025-01-14 10:30:00-05:00,20859.828125,20864.53125,20781.025390625,20783.2421875,66634553,0.0,0.0
2025-01-14 11:00:00-05:00,20779.88671875,20792.400390625,20720.533203125,20753.84765625,57562081,0.0,0.0
2025-01-14 11:30:00-05:00,20750.62109375,20766.0546875,20665.396484375,20666.48828125,42155833,0.0,0.0
2025-01-14 12:00:00-05:00,20661.708984375,20714.248046875,20654.859375,20698.65625,39284041,0.0,0.0
2025-01-14 12:30:00-05:00,20696.890625,20722.607421875,20639.580078125,20708.826171875,31784308,0.0,0.0
2025-01-14 13:00:00-05:00,20706.6953125,20781.67578125,20703.48828125,20779.04296875,33177003,0.0,0.0
2025-01-14 13:30:00-05:00,20777.998046875,20843.314453125,20769.373046875,20833.78125,36910874,0.0,0.0
2025-01-14 14:00:00-05:00,20832.736328125,20847.16015625,20815.427734375,20820.912109375,37174097,0.0,0.0
2025-01-14 14:30:00-05:00,20820.677734375,20842.376953125,20701.212890625,20705.017578125,40360003,0.0,0.0
2025-01-14 15:00:00-05:00,20704.021484375,20714.490234375,20625.681640625,20677.572265625,57092779,0.0,0.0
2025-01-14 15:30:00-05:00,20680.921875,20758.91015625,20641.2265625,20758.91015625,92258654,0.0,0.0
2025-01-15 09:30:00-05:00,21069.521484375,21175.068359375,21026.84765625,21160.748046875,91342054,0.0,0.0
2025-01-15 10:00:00-05:00,21166.861328125,21234.787109375,21166.861328125,21220.59375,79456096,0.0,0.0
2025-01-15 10:30:00-05:00,21221.796875,21225.453125,21158.67578125,21158.67578125,63235107,0.0,0.0
2025-01-15 11:00:00-05:00,21159.71875,21197.7890625,21159.2890625,21163.765625,55333655,0.0,0.0
2025-01-15 11:30:00-05:00,21163.7421875,21163.7421875,21087.115234375,21108.55078125,47210115,0.0,0.0
2025-01-15 12:00:00-05:00,21105.935546875,21159.28515625,21102.3359375,21158.736328125,40368337,0.0,0.0
2025-01-15 12:30:00-05:00,21165.5703125,21195.734375,21157.119140625,21157.119140625,36637936,0.0,0.0
2025-01-15 13:00:00-05:00,21157.76953125,21218.125,21157.76953125,21217.9140625,37894729,0.0,0.0
2025-01-15 13:30:00-05:00,21217.306640625,21225.416015625,21201.111328125,21212.642578125,36233740,0.0,0.0
2025-01-15 14:00:00-05:00,21213.16796875,21248.802734375,21212.60546875,21247.71484375,37497395,0.0,0.0
2025-01-15 14:30:00-05:00,21247.955078125,21265.236328125,21236.15625,21250.24609375,39915875,0.0,0.0
2025-01-15 15:00:00-05:00,21250.74609375,21285.712890625,21246.361328125,21273.779296875,48618530,0.0,0.0
2025-01-15 15:30:00-05:00,21272.853515625,21280.8828125,21231.6328125,21235.876953125,102817711,0.0,0.0
2025-01-16 09:30:00-05:00,21328.697265625,21328.697265625,21210.6484375,21215.74609375,87315449,0.0,0.0
2025-01-16 10:00:00-05:00,21194.125,21261.283203125,21180.955078125,21215.541015625,77756105,0.0,0.0
2025-01-16 10:30:00-05:00,21213.353515625,21264.798828125,21187.326171875,21264.798828125,65956150,0.0,0.0
2025-01-16 11:00:00-05:00,21260.072265625,21312.107421875,21232.201171875,21248.759765625,68674544,0.0,0.0
2025-01-16 11:30:00-05:00,21249.44921875,21260.935546875,21165.46875,21242.134765625,57246016,0.0,0.0
2025-01-16 12:00:00-05:00,21236.203125,21262.98828125,21214.0703125,21262.048828125,43812027,0.0,0.0
2025-01-16 12:30:00-05:00,21261.30078125,21261.30078125,21219.95703125,21228.505859375,35394446,0.0,0.0
2025-01-16 13:00:00-05:00,21225.892578125,21249.828125,21185.21484375,21186.369140625,36294768,0.0,0.0
2025-01-16 13:30:00-05:00,21187.322265625,21191.060546875,21111.994140625,21138.2890625,48596882,0.0,0.0
2025-01-16 14:00:00-05:00,21133.5703125,21191.400390625,21126.453125,21187.17578125,43783613,0.0,0.0
2025-01-16 14:30:00-05:00,21188.671875,21218.763671875,21175.943359375,21212.650390625,37065942,0.0,0.0
2025-01-16 15:00:00-05:00,21213.5625,21234.615234375,21162.083984375,21175.67578125,44831162,0.0,0.0
2025-01-16 15:30:00-05:00,21174.15625,21189.203125,21087.935546875,21090.1640625,91206735,0.0,0.0
2025-01-17 09:30:00-05:00,21459.552734375,21462.833984375,21344.787109375,21354.884765625,111400542,0.0,0.0
2025-01-17 10:00:00-05:00,21358.119140625,21423.826171875,21335.240234375,21376.5625,92940890,0.0,0.0
2025-01-17 10:30:00-05:00,21381.64453125,21440.474609375,21370.828125,21439.3515625,71909791,0.0,0.0
2025-01-17 11:00:00-05:00,21440.123046875,21480.34765625,21420.439453125,21472.845703125,61396005,0.0,0.0
2025-01-17 11:30:00-05:00,21473.51953125,21477.46484375,21425.529296875,21431.501953125,56420703,0.0,0.0
2025-01-17 12:00:00-05:00,21427.552734375,21470.896484375,21409.125,21467.587890625,46556318,0.0,0.0
2025-01-17 12:30:00-05:00,21467.65625,21473.595703125,21452.421875,21470.943359375,40080422,0.0,0.0
2025-01-17 13:00:00-05:00,21470.4375,21515.763671875,21461.37890625,21497.673828125,53480833,0.0,0.0
2025-01-17 13:30:00-05:00,21497.712890625,21500.453125,21459.353515625,21473.830078125,44261615,0.0,0.0
2025-01-17 14:00:00-05:00,21473.587890625,21485.89453125,21456.431640625,21475.23828125,45073760,0.0,0.0
2025-01-17 14:30:00-05:00,21475.1328125,21484.78515625,21456.423828125,21465.951171875,41115811,0.0,0.0
2025-01-17 15:00:00-05:00,21458.744140625,21468.080078125,21434.685546875,21445.0,59704412,0.0,0.0
2025-01-17 15:30:00-05:00,21446.203125,21480.740234375,21426.76953125,21440.8671875,105210595,0.0,0.0
2025-01-21 09:30:00-05:00,21558.94921875,21560.8984375,21434.119140625,21483.14453125,116035354,0.0,0.0
2025-01-21 10:00:00-05:00,21471.30859375,21491.26171875,21383.62109375,21489.4921875,89736794,0.0,0.0
2025-01-21 10:30:00-05:00,21490.607421875,21497.798828125,21444.318359375,21484.98828125,64017961,0.0,0.0
2025-01-21 11:00:00-05:00,21481.955078125,21504.22265625,21453.021484375,21479.9296875,57105773,0.0,0.0
2025-01-21 11:30:00-05:00,21481.0234375,21526.126953125,21458.98828125,21524.572265625,53893613,0.0,0.0
2025-01-21 12:00:00-05:00,21520.365234375,21550.166015625,21503.572265625,21546.4296875,45255583,0.0,0.0
2025-01-21 12:30:00-05:00,21545.650390625,21593.21484375,21545.0078125,21591.759765625,49230644,0.0,0.0
2025-01-21 13:00:00-05:00,21591.064453125,21620.2265625,21571.158203125,21600.140625,50456518,0.0,0.0
2025-01-21 13:30:00-05:00,21601.583984375,21611.13671875,21589.63671875,21603.138671875,40854323,0.0,0.0
2025-01-21 14:00:00-05:00,21603.216796875,21612.046875,21561.646484375,21593.578125,46269819,0.0,0.0
2025-01-21 14:30:00-05:00,21593.658203125,21593.658203125,21551.00390625,21574.84765625,39657250,0.0,0.0
2025-01-21 15:00:00-05:00,21571.984375,21597.587890625,21565.58203125,21595.400390625,45381139,0.0,0.0
2025-01-21 15:30:00-05:00,21595.138671875,21605.775390625,21549.83984375,21566.3203125,96783849,0.0,0.0
2025-01-22 09:30:00-05:00,21763.00390625,21876.1015625,21758.64453125,21858.90234375,112321566,0.0,0.0
2025-01-22 10:00:00-05:00,21860.880859375,21886.255859375,21829.9921875,21862.060546875,91799256,0.0,0.0
2025-01-22 10:30:00-05:00,21858.208984375,21891.70703125,21844.291015625,21844.291015625,73439973,0.0,0.0
2025-01-22 11:00:00-05:00,21845.892578125,21901.78515625,21845.17578125,21900.3671875,61680427,0.0,0.0
2025-01-22 11:30:00-05:00,21900.8125,21927.654296875,21895.78125,21924.220703125,55345966,0.0,0.0
2025-01-22 12:00:00-05:00,21925.740234375,21943.037109375,21913.794921875,21920.7421875,51116372,0.0,0.0
2025-01-22 12:30:00-05:00,21920.171875,21922.568359375,21896.41796875,21907.91796875,40769615,0.0,0.0
2025-01-22 13:00:00-05:00,21906.712890625,21909.5859375,21862.009765625,21865.962890625,43561479,0.0,0.0
2025-01-22 13:30:00-05:00,21866.791015625,21900.529296875,21865.8671875,21878.373046875,44895448,0.0,0.0
2025-01-22 14:00:00-05:00,21877.830078125,21893.314453125,21869.28125,21870.02734375,40973974,0.0,0.0
2025-01-22 14:30:00-05:00,21869.59375,21890.626953125,21859.177734375,21890.427734375,37417769,0.0,0.0
2025-01-22 15:00:00-05:00,21889.607421875,21890.4921875,21864.236328125,21865.37890625,50971156,0.0,0.0
2025-01-22 15:30:00-05:00,21866.384765625,21876.923828125,21833.759765625,21851.9765625,90821625,0.0,0.0
2025-01-23 09:30:00-05:00,21742.763671875,21776.037109375,21722.041015625,21750.818359375,84426669,0.0,0.0
2025-01-23 10:00:00-05:00,21751.962890625,21765.88671875,21728.607421875,21759.248046875,76221551,0.0,0.0
2025-01-23 10:30:00-05:00,21760.734375,21797.2734375,21750.57421875,21790.236328125,59848815,0.0,0.0
2025-01-23 11:00:00-05:00,21791.03125,21803.267578125,21767.611328125,21802.90234375,56945948,0.0,0.0
2025-01-23 11:30:00-05:00,21800.48828125,21824.85546875,21791.177734375,21802.251953125,44890458,0.0,0.0
2025-01-23 12:00:00-05:00,21800.98828125,21801.73046875,21776.994140625,21782.453125,37201079,0.0,0.0
2025-01-23 12:30:00-05:00,21782.396484375,21793.248046875,21760.107421875,21792.177734375,40100173,0.0,0.0
2025-01-23 13:00:00-05:00,21792.19921875,21829.443359375,21788.56640625,21814.998046875,34477324,0.0,0.0
2025-01-23 13:30:00-05:00,21815.890625,21838.759765625,21803.744140625,21809.24609375,37671034,0.0,0.0
2025-01-23 14:00:00-05:00,21809.009765625,21813.0703125,21779.052734375,21799.935546875,39830164,0.0,0.0
2025-01-23 14:30:00-05:00,21800.796875,21817.06640625,21800.796875,21810.12890625,36306094,0.0,0.0
2025-01-23 15:00:00-05:00,21806.21484375,21833.37109375,21801.3125,21824.763671875,45584537,0.0,0.0
2025-01-23 15:30:00-05:00,21822.38671875,21897.4921875,21814.123046875,21896.0859375,92886364,0.0,0.0
2025-01-24 09:30:00-05:00,21916.23046875,21945.095703125,21862.361328125,21925.154296875,111776491,0.0,0.0
2025-01-24 10:00:00-05:00,21928.056640625,21932.599609375,21854.244140625,21857.306640625,88545704,0.0,0.0
2025-01-24 10:30:00-05:00,21860.818359375,21881.4765625,21850.462890625,21853.447265625,66803850,0.0,0.0
2025-01-24 11:00:00-05:00,21852.14453125,21877.904296875,21837.712890625,21876.794921875,55677921,0.0,0.0
2025-01-24 11:30:00-05:00,21876.884765625,21900.03515625,21842.625,21846.650390625,51376373,0.0,0.0
2025-01-24 12:00:00-05:00,21848.224609375,21871.54296875,21837.40234375,21841.26953125,44197369,0.0,0.0
2025-01-24 12:30:00-05:00,21841.1328125,21851.33203125,21800.052734375,21806.28125,48294176,0.0,0.0
2025-01-24 13:00:00-05:00,21804.755859375,21813.970703125,21774.810546875,21800.119140625,49103788,0.0,0.0
2025-01-24 13:30:00-05:00,21799.822265625,21808.021484375,21731.9921875,21738.1171875,48876507,0.0,0.0
2025-01-24 14:00:00-05:00,21734.384765625,21753.626953125,21709.28515625,21736.208984375,50768622,0.0,0.0
2025-01-24 14:30:00-05:00,21735.248046875,21760.12890625,21731.330078125,21734.56640625,44430370,0.0,0.0
2025-01-24 15:00:00-05:00,21733.607421875,21754.205078125,21722.390625,21728.421875,54855709,0.0,0.0
2025-01-24 15:30:00-05:00,21733.04296875,21781.009765625,21724.26953125,21770.48828125,104936210,0.0,0.0
2025-01-27 09:30:00-05:00,21062.025390625,21211.25390625,21062.025390625,21209.615234375,198443825,0.0,0.0
2025-01-27 10:00:00-05:00,21207.865234375,21239.671875,21104.80078125,21239.671875,154254562,0.0,0.0
2025-01-27 10:30:00-05:00,21238.70703125,21289.875,21188.97265625,21190.033203125,114733693,0.0,0.0
2025-01-27 11:00:00-05:00,21189.970703125,21200.6171875,21072.056640625,21084.052734375,142656342,0.0,0.0
2025-01-27 11:30:00-05:00,21079.4296875,21148.84375,21063.236328125,21086.455078125,146954860,0.0,0.0
2025-01-27 12:00:00-05:00,21087.302734375,21141.078125,21040.033203125,21098.80859375,93700894,0.0,0.0
2025-01-27 12:30:00-05:00,21097.73828125,21125.3828125,21014.115234375,21016.419921875,85794000,0.0,0.0
2025-01-27 13:00:00-05:00,21014.900390625,21060.4296875,21014.900390625,21018.849609375,80241000,0.0,0.0
2025-01-27 13:30:00-05:00,21017.59765625,21082.91015625,21017.59765625,21023.099609375,82686000,0.0,0.0
2025-01-27 14:00:00-05:00,21025.3359375,21128.58984375,21021.78125,21121.716796875,86504000,0.0,0.0
2025-01-27 14:30:00-05:00,21122.4140625,21122.4140625,20975.076171875,21006.783203125,96803000,0.0,0.0
2025-01-27 15:00:00-05:00,21006.08203125,21076.955078125,21003.015625,21043.255859375,101201000,0.0,0.0
2025-01-27 15:30:00-05:00,21052.421875,21136.251953125,21045.38671875,21131.5546875,155242000,0.0,0.0
2025-01-28 09:30:00-05:00,21195.66796875,21196.810546875,21044.328125,21164.294921875,151600166,0.0,0.0
2025-01-28 10:00:00-05:00,21163.794921875,21360.47265625,21163.794921875,21347.8828125,134833076,0.0,0.0
2025-01-28 10:30:00-05:00,21343.166015625,21347.822265625,21274.873046875,21331.603515625,106374752,0.0,0.0
2025-01-28 11:00:00-05:00,21334.98046875,21351.794921875,21270.302734375,21282.123046875,81512885,0.0,0.0
2025-01-28 11:30:00-05:00,21281.154296875,21349.310546875,21267.689453125,21348.33203125,81120545,0.0,0.0
2025-01-28 12:00:00-05:00,21349.515625,21437.46875,21349.38671875,21427.4765625,101336734,0.0,0.0
2025-01-28 12:30:00-05:00,21427.232421875,21434.859375,21399.29296875,21419.099609375,70088798,0.0,0.0
2025-01-28 13:00:00-05:00,21418.923828125,21457.943359375,21414.6953125,21428.21875,61760668,0.0,0.0
2025-01-28 13:30:00-05:00,21428.447265625,21435.2890625,21399.70703125,21416.640625,52605725,0.0,0.0
2025-01-28 14:00:00-05:00,21417.87890625,21439.98046875,21393.84765625,21435.390625,59804069,0.0,0.0
2025-01-28 14:30:00-05:00,21435.10546875,21500.541015625,21435.10546875,21492.31640625,63518000,0.0,0.0
2025-01-28 15:00:00-05:00,21491.61328125,21499.345703125,21460.0234375,21493.599609375,73957000,0.0,0.0
2025-01-28 15:30:00-05:00,21490.044921875,21498.400390625,21434.103515625,21458.328125,132007000,0.0,0.0
2025-01-29 09:30:00-05:00,21474.80078125,21477.876953125,21378.373046875,21402.7265625,101330610,0.0,0.0
2025-01-29 10:00:00-05:00,21404.158203125,21443.330078125,21364.35546875,21381.833984375,91455522,0.0,0.0
2025-01-29 10:30:00-05:00,21378.568359375,21404.06640625,21337.19921875,21382.603515625,81435591,0.0,0.0
2025-01-29 11:00:00-05:00,21382.052734375,21398.966796875,21359.52734375,21369.896484375,431764896,0.0,0.0
2025-01-29 11:30:00-05:00,21370.341796875,21388.740234375,21350.390625,21363.89453125,54573983,0.0,0.0
2025-01-29 12:00:00-05:00,21363.451171875,21420.810546875,21363.451171875,21404.787109375,53483099,0.0,0.0
2025-01-29 12:30:00-05:00,21405.775390625,21417.15234375,21360.912109375,21364.345703125,41499220,0.0,0.0
2025-01-29 13:00:00-05:00,21365.384765625,21371.109375,21252.396484375,21369.173828125,75985540,0.0,0.0
2025-01-29 13:30:00-05:00,21369.408203125,21389.08984375,21334.82421875,21344.30078125,43048631,0.0,0.0
2025-01-29 14:00:00-05:00,21329.27734375,21355.376953125,21273.375,21285.185546875,60336127,0.0,0.0
2025-01-29 14:30:00-05:00,21277.09765625,21447.6875,21274.380859375,21414.94921875,78498938,0.0,0.0
2025-01-29 15:00:00-05:00,21419.91796875,21470.287109375,21351.12109375,21462.755859375,71348541,0.0,0.0
2025-01-29 15:30:00-05:00,21472.400390625,21474.91796875,21353.6015625,21409.25,104310422,0.0,0.0
2025-01-30 09:30:00-05:00,21509.126953125,21619.943359375,21479.025390625,21550.06640625,132122382,0.0,0.0
2025-01-30 10:00:00-05:00,21549.333984375,21549.333984375,21415.720703125,21417.03125,121064585,0.0,0.0
2025-01-30 10:30:00-05:00,21420.54296875,21458.951171875,21347.650390625,21347.650390625,103495817,0.0,0.0
2025-01-30 11:00:00-05:00,21347.169921875,21425.53515625,21309.3671875,21425.53515625,83308715,0.0,0.0
2025-01-30 11:30:00-05:00,21427.34765625,21502.396484375,21399.36328125,21486.857421875,66479490,0.0,0.0
2025-01-30 12:00:00-05:00,21479.08203125,21481.044921875,21393.609375,21402.439453125,56883871,0.0,0.0
2025-01-30 12:30:00-05:00,21402.880859375,21434.994140625,21389.138671875,21433.552734375,52226330,0.0,0.0
2025-01-30 13:00:00-05:00,21433.248046875,21450.447265625,21412.158203125,21429.609375,51373542,0.0,0.0
2025-01-30 13:30:00-05:00,21432.310546875,21490.787109375,21428.30859375,21485.177734375,54626005,0.0,0.0
2025-01-30 14:00:00-05:00,21485.0625,21504.431640625,21471.8203125,21492.203125,57037826,0.0,0.0
2025-01-30 14:30:00-05:00,21493.2109375,21538.365234375,21479.408203125,21538.341796875,59987120,0.0,0.0
2025-01-30 15:00:00-05:00,21538.54296875,21579.310546875,21536.595703125,21568.861328125,75331959,0.0,0.0
2025-01-30 15:30:00-05:00,21563.58984375,21568.06640625,21412.3125,21505.2109375,151240000,0.0,0.0
2025-01-31 09:30:00-05:00,21665.8359375,21748.50390625,21654.337890625,21747.228515625,124111896,0.0,0.0
2025-01-31 10:00:00-05:00,21751.98046875,21799.787109375,21751.98046875,21778.869140625,120335162,0.0,0.0
2025-01-31 10:30:00-05:00,21780.53515625,21838.7109375,21779.3671875,21821.240234375,99146431,0.0,0.0
2025-01-31 11:00:00-05:00,21822.244140625,21845.955078125,21800.0,21802.34765625,79428939,0.0,0.0
2025-01-31 11:30:00-05:00,21799.64453125,21815.361328125,21764.484375,21792.24609375,69804450,0.0,0.0
2025-01-31 12:00:00-05:00,21792.328125,21816.76953125,21757.69921875,21816.76953125,60335415,0.0,0.0
2025-01-31 12:30:00-05:00,21817.001953125,21819.875,21791.96484375,21801.26171875,46279129,0.0,0.0
2025-01-31 13:00:00-05:00,21800.814453125,21808.583984375,21699.970703125,21702.806640625,60457527,0.0,0.0
2025-01-31 13:30:00-05:00,21701.046875,21710.0546875,21611.416015625,21639.55078125,70162497,0.0,0.0
2025-01-31 14:00:00-05:00,21638.125,21662.591796875,21564.451171875,21601.140625,65110069,0.0,0.0
2025-01-31 14:30:00-05:00,21602.58203125,21617.900390625,21476.640625,21549.744140625,71681916,0.0,0.0
2025-01-31 15:00:00-05:00,21549.892578125,21549.892578125,21434.48046875,21444.84375,80784562,0.0,0.0
2025-01-31 15:30:00-05:00,21444.03515625,21524.564453125,21425.787109375,21476.771484375,131240000,0.0,0.0
2025-02-03 09:30:00-05:00,21073.6328125,21194.68359375,21066.359375,21115.537109375,148802486,0.0,0.0
2025-02-03 10:00:00-05:00,21083.375,21241.6328125,21005.470703125,21238.109375,142367129,0.0,0.0
2025-02-03 10:30:00-05:00,21236.0234375,21340.638671875,21217.505859375,21316.84375,103043450,0.0,0.0
2025-02-03 11:00:00-05:00,21308.365234375,21352.771484375,21238.9609375,21297.03515625,77402108,0.0,0.0
2025-02-03 11:30:00-05:00,21295.78125,21345.560546875,21265.79296875,21275.04296875,63951616,0.0,0.0
2025-02-03 12:00:00-05:00,21270.908203125,21338.986328125,21257.447265625,21287.15625,59131858,0.0,0.0
2025-02-03 12:30:00-05:00,21286.986328125,21312.3359375,21241.255859375,21293.908203125,55923414,0.0,0.0
2025-02-03 13:00:00-05:00,21288.98046875,21318.26171875,21249.111328125,21302.46875,52891815,0.0,0.0
2025-02-03 13:30:00-05:00,21303.87890625,21360.5703125,21292.8359375,21357.416015625,49425020,0.0,0.0
2025-02-03 14:00:00-05:00,21356.48046875,21406.19921875,21342.578125,21380.365234375,63478221,0.0,0.0
2025-02-03 14:30:00-05:00,21380.50390625,21402.46484375,21370.25,21377.919921875,46839899,0.0,0.0
2025-02-03 15:00:00-05:00,21380.806640625,21396.14453125,21345.392578125,21347.751953125,54603235,0.0,0.0
2025-02-03 15:30:00-05:00,21350.2109375,21360.048828125,21291.91015625,21293.287109375,106215000,0.0,0.0
2025-02-04 09:30:00-05:00,21317.791015625,21468.89453125,21310.224609375,21454.294921875,132105321,0.0,0.0
2025-02-04 10:00:00-05:00,21460.125,21552.375,21460.125,21529.412109375,118991495,0.0,0.0
2025-02-04 10:30:00-05:00,21528.013671875,21568.16015625,21511.544921875,21525.322265625,87307580,0.0,0.0
2025-02-04 11:00:00-05:00,21528.9921875,21571.244140625,21528.9921875,21571.244140625,68204744,0.0,0.0
2025-02-04 11:30:00-05:00,21570.435546875,21582.384765625,21529.037109375,21544.98046875,61679032,0.0,0.0
2025-02-04 12:00:00-05:00,21545.982421875,21546.947265625,21452.150390625,21453.7734375,72602414,0.0,0.0
2025-02-04 12:30:00-05:00,21455.576171875,21512.677734375,21447.609375,21512.279296875,57242437,0.0,0.0
2025-02-04 13:00:00-05:00,21511.9453125,21529.27734375,21464.203125,21525.947265625,50870119,0.0,0.0
2025-02-04 13:30:00-05:00,21524.654296875,21536.419921875,21515.3671875,21515.3671875,47988235,0.0,0.0
2025-02-04 14:00:00-05:00,21514.626953125,21567.427734375,21508.298828125,21551.2578125,47607234,0.0,0.0
2025-02-04 14:30:00-05:00,21552.177734375,21564.974609375,21508.876953125,21530.275390625,52123343,0.0,0.0
2025-02-04 15:00:00-05:00,21529.890625,21550.79296875,21519.9296875,21523.75,67407668,0.0,0.0
2025-02-04 15:30:00-05:00,21522.298828125,21579.466796875,21522.072265625,21564.11328125,107966884,0.0,0.0
2025-02-05 09:30:00-05:00,21451.171875,21488.673828125,21424.693359375,21464.29296875,130853541,0.0,0.0
2025-02-05 10:00:00-05:00,21490.55078125,21497.9765625,21409.248046875,21474.462890625,122857015,0.0,0.0
2025-02-05 10:30:00-05:00,21477.7890625,21498.744140625,21449.55859375,21486.5390625,84792254,0.0,0.0
2025-02-05 11:00:00-05:00,21486.802734375,21524.029296875,21464.990234375,21514.63671875,77488107,0.0,0.0
2025-02-05 11:30:00-05:00,21515.39453125,21607.212890625,21509.912109375,21601.15234375,78745669,0.0,0.0
2025-02-05 12:00:00-05:00,21601.65234375,21633.970703125,21598.576171875,21605.05859375,63568543,0.0,0.0
2025-02-05 12:30:00-05:00,21604.55078125,21611.86328125,21583.16015625,21601.390625,48950385,0.0,0.0
2025-02-05 13:00:00-05:00,21601.96484375,21610.30859375,21571.302734375,21584.669921875,47982950,0.0,0.0
2025-02-05 13:30:00-05:00,21584.490234375,21615.634765625,21576.40625,21604.1015625,54908480,0.0,0.0
2025-02-05 14:00:00-05:00,21604.583984375,21628.623046875,21602.599609375,21611.431640625,46814377,0.0,0.0
2025-02-05 14:30:00-05:00,21611.447265625,21617.57421875,21599.345703125,21602.5625,49977894,0.0,0.0
2025-02-05 15:00:00-05:00,21603.51953125,21645.0859375,21603.51953125,21637.984375,64225611,0.0,0.0
2025-02-05 15:30:00-05:00,21637.142578125,21662.404296875,21584.6015625,21657.728515625,117066347,0.0,0.0
2025-02-06 09:30:00-05:00,21668.95703125,21719.19140625,21647.546875,21688.072265625,113249975,0.0,0.0
2025-02-06 10:00:00-05:00,21687.974609375,21745.59375,21665.439453125,21693.8125,104151626,0.0,0.0
2025-02-06 10:30:00-05:00,21694.796875,21729.630859375,21643.587890625,21672.771484375,80353226,0.0,0.0
2025-02-06 11:00:00-05:00,21673.515625,21711.119140625,21669.251953125,21697.7734375,66190370,0.0,0.0
2025-02-06 11:30:00-05:00,21698.0703125,21698.59375,21657.267578125,21670.93359375,64295518,0.0,0.0
2025-02-06 12:00:00-05:00,21672.302734375,21704.427734375,21651.693359375,21682.763671875,56453319,0.0,0.0
2025-02-06 12:30:00-05:00,21682.37109375,21725.140625,21670.93359375,21711.314453125,46614133,0.0,0.0
2025-02-06 13:00:00-05:00,21712.509765625,21729.853515625,21703.970703125,21725.236328125,44904090,0.0,0.0
2025-02-06 13:30:00-05:00,21725.361328125,21733.91796875,21709.35546875,21714.689453125,40553923,0.0,0.0
2025-02-06 14:00:00-05:00,21712.71875,21727.318359375,21688.923828125,21694.322265625,49070699,0.0,0.0
2025-02-06 14:30:00-05:00,21695.73046875,21695.73046875,21618.248046875,21646.1015625,60600301,0.0,0.0
2025-02-06 15:00:00-05:00,21645.8125,21690.640625,21638.333984375,21688.240234375,57668347,0.0,0.0
2025-02-06 15:30:00-05:00,21690.171875,21775.021484375,21689.283203125,21770.134765625,108938820,0.0,0.0
2025-02-07 09:30:00-05:00,21780.11328125,21868.1328125,21780.11328125,21808.728515625,114038025,0.0,0.0
2025-02-07 10:00:00-05:00,21768.568359375,21768.568359375,21596.125,21658.083984375,135150252,0.0,0.0
2025-02-07 10:30:00-05:00,21645.30859375,21705.125,21536.72265625,21618.33984375,97697761,0.0,0.0
2025-02-07 11:00:00-05:00,21622.935546875,21653.228515625,21539.611328125,21564.705078125,542107188,0.0,0.0
2025-02-07 11:30:00-05:00,21569.6171875,21590.0234375,21522.0546875,21537.13671875,67255223,0.0,0.0
2025-02-07 12:00:00-05:00,21528.994140625,21578.287109375,21497.6796875,21536.66796875,64829817,0.0,0.0
2025-02-07 12:30:00-05:00,21535.4609375,21588.294921875,21521.396484375,21565.513671875,49057875,0.0,0.0
2025-02-07 13:00:00-05:00,21562.46875,21632.78515625,21557.587890625,21617.52734375,46005016,0.0,0.0
2025-02-07 13:30:00-05:00,21614.87890625,21629.861328125,21530.82421875,21533.193359375,48410470,0.0,0.0
2025-02-07 14:00:00-05:00,21532.908203125,21543.44140625,21484.11328125,21491.0703125,56074326,0.0,0.0
2025-02-07 14:30:00-05:00,21487.1875,21530.580078125,21479.724609375,21515.103515625,48249092,0.0,0.0
2025-02-07 15:00:00-05:00,21515.052734375,21515.052734375,21465.474609375,21481.568359375,59084314,0.0,0.0
2025-02-07 15:30:00-05:00,21490.3203125,21524.04296875,21479.353515625,21492.482421875,109715809,0.0,0.0
2025-02-10 09:30:00-05:00,21668.4140625,21711.525390625,21646.228515625,21697.044921875,115384915,0.0,0.0
2025-02-10 10:00:00-05:00,21690.298828125,21776.3046875,21690.298828125,21764.255859375,96717892,0.0,0.0
2025-02-10 10:30:00-05:00,21768.2421875,21791.138671875,21763.94921875,21769.640625,75144122,0.0,0.0
2025-02-10 11:00:00-05:00,21770.00390625,21788.361328125,21747.705078125,21755.392578125,60415196,0.0,0.0
2025-02-10 11:30:00-05:00,21757.509765625,21773.09375,21742.90234375,21772.767578125,51539661,0.0,0.0
2025-02-10 12:00:00-05:00,21773.130859375,21773.130859375,21723.04296875,21729.1640625,46472000,0.0,0.0
2025-02-10 12:30:00-05:00,21729.580078125,21768.314453125,21727.572265625,21767.990234375,37355825,0.0,0.0
2025-02-10 13:00:00-05:00,21767.828125,21780.38671875,21763.599609375,21768.71875,35046513,0.0,0.0
2025-02-10 13:30:00-05:00,21768.544921875,21786.732421875,21764.419921875,21781.140625,39191261,0.0,0.0
2025-02-10 14:00:00-05:00,21778.111328125,21784.88671875,21763.216796875,21773.70703125,39826379,0.0,0.0
2025-02-10 14:30:00-05:00,21774.166015625,21776.73046875,21750.857421875,21765.0234375,37698485,0.0,0.0
2025-02-10 15:00:00-05:00,21764.9453125,21777.89453125,21756.17578125,21769.005859375,56043686,0.0,0.0
2025-02-10 15:30:00-05:00,21768.666015625,21769.388671875,21741.763671875,21755.625,96441705,0.0,0.0
2025-02-11 09:30:00-05:00,21636.796875,21713.408203125,21636.796875,21686.734375,98697599,0.0,0.0
2025-02-11 10:00:00-05:00,21693.93359375,21748.501953125,21678.59765625,21743.77734375,99539579,0.0,0.0
2025-02-11 10:30:00-05:00,21743.234375,21775.98828125,21733.84375,21743.86328125,73293150,0.0,0.0
2025-02-11 11:00:00-05:00,21749.03125,21753.751953125,21729.681640625,21732.166015625,77246947,0.0,0.0
2025-02-11 11:30:00-05:00,21736.4296875,21747.337890625,21693.740234375,21698.96875,70489920,0.0,0.0
2025-02-11 12:00:00-05:00,21697.0859375,21698.341796875,21625.75390625,21695.30859375,76569085,0.0,0.0
2025-02-11 12:30:00-05:00,21697.484375,21699.36328125,21666.62890625,21671.73828125,45844057,0.0,0.0
2025-02-11 13:00:00-05:00,21669.74609375,21684.23046875,21659.46875,21683.978515625,45057499,0.0,0.0
2025-02-11 13:30:00-05:00,21682.533203125,21739.880859375,21682.533203125,21710.609375,46691544,0.0,0.0
2025-02-11 14:00:00-05:00,21710.7265625,21724.5703125,21699.91796875,21707.236328125,46787028,0.0,0.0
2025-02-11 14:30:00-05:00,21707.474609375,21743.193359375,21706.216796875,21732.404296875,47407132,0.0,0.0
2025-02-11 15:00:00-05:00,21736.837890625,21746.892578125,21714.90625,21719.140625,51611009,0.0,0.0
2025-02-11 15:30:00-05:00,21718.80078125,21722.830078125,21675.552734375,21694.521484375,97708424,0.0,0.0
2025-02-12 09:30:00-05:00,21474.26171875,21609.595703125,21454.19140625,21587.935546875,217747866,0.0,0.0
2025-02-12 10:00:00-05:00,21590.337890625,21640.2109375,21494.998046875,21606.82421875,101884057,0.0,0.0
2025-02-12 10:30:00-05:00,21607.3515625,21672.23828125,21603.20703125,21642.8125,69949270,0.0,0.0
2025-02-12 11:00:00-05:00,21639.39453125,21641.98828125,21563.91796875,21575.92578125,56659499,0.0,0.0
2025-02-12 11:30:00-05:00,21577.447265625,21689.314453125,21577.447265625,21687.576171875,49765071,0.0,0.0
2025-02-12 12:00:00-05:00,21684.017578125,21710.8515625,21682.64453125,21700.921875,51057752,0.0,0.0
2025-02-12 12:30:00-05:00,21700.677734375,21733.359375,21671.619140625,21729.03125,45774152,0.0,0.0
2025-02-12 13:00:00-05:00,21728.658203125,21733.765625,21697.4296875,21710.423828125,44265712,0.0,0.0
2025-02-12 13:30:00-05:00,21711.0546875,21717.384765625,21686.396484375,21699.931640625,41716057,0.0,0.0
2025-02-12 14:00:00-05:00,21700.091796875,21706.80859375,21673.29296875,21701.8671875,48564875,0.0,0.0
2025-02-12 14:30:00-05:00,21701.43359375,21745.560546875,21698.62890625,21734.45703125,44088650,0.0,0.0
2025-02-12 15:00:00-05:00,21736.650390625,21743.638671875,21725.92578125,21725.947265625,50569572,0.0,0.0
2025-02-12 15:30:00-05:00,21725.42578125,21732.013671875,21687.109375,21715.166015625,115914436,0.0,0.0
2025-02-13 09:30:00-05:00,21788.4140625,21864.17578125,21759.111328125,21830.896484375,191973124,0.0,0.0
2025-02-13 10:00:00-05:00,21835.421875,21904.8828125,21799.4375,21883.388671875,140566651,0.0,0.0
2025-02-13 10:30:00-05:00,21884.78515625,21966.66015625,21883.4296875,21945.8671875,97236214,0.0,0.0
2025-02-13 11:00:00-05:00,21950.072265625,21954.4453125,21913.046875,21915.94140625,77410673,0.0,0.0
2025-02-13 11:30:00-05:00,21916.873046875,21923.89453125,21860.046875,21877.255859375,67478139,0.0,0.0
2025-02-13 12:00:00-05:00,21873.66796875,21905.994140625,21861.92578125,21883.291015625,53247361,0.0,0.0
2025-02-13 12:30:00-05:00,21883.068359375,21910.142578125,21865.8125,21879.220703125,53681719,0.0,0.0
2025-02-13 13:00:00-05:00,21879.494140625,21879.494140625,21811.533203125,21857.935546875,55864651,0.0,0.0
2025-02-13 13:30:00-05:00,21856.59765625,21906.01953125,21830.2890625,21906.01953125,70857733,0.0,0.0
2025-02-13 14:00:00-05:00,21905.333984375,21942.75390625,21901.3125,21940.28125,58232958,0.0,0.0
2025-02-13 14:30:00-05:00,21939.9921875,21984.865234375,21935.53515625,21966.625,58626820,0.0,0.0
2025-02-13 15:00:00-05:00,21964.111328125,22005.146484375,21964.111328125,21995.1875,63503466,0.0,0.0
2025-02-13 15:30:00-05:00,21996.369140625,22037.60546875,21974.76171875,22029.6875,116881000,0.0,0.0
2025-02-14 09:30:00-05:00,22038.240234375,22061.080078125,22011.986328125,22049.59375,140987873,0.0,0.0
2025-02-14 10:00:00-05:00,22047.7109375,22081.140625,22020.607421875,22060.294921875,123106266,0.0,0.0
2025-02-14 10:30:00-05:00,22061.705078125,22089.87890625,22026.884765625,22083.751953125,90385659,0.0,0.0
2025-02-14 11:00:00-05:00,22088.162109375,22088.162109375,22025.93359375,22061.44140625,74678993,0.0,0.0
2025-02-14 11:30:00-05:00,22062.818359375,22062.818359375,22032.4375,22059.2109375,53977607,0.0,0.0
2025-02-14 12:00:00-05:00,22058.359375,22063.611328125,22021.8984375,22021.8984375,48592710,0.0,0.0
2025-02-14 12:30:00-05:00,22023.7578125,22079.37890625,22016.91015625,22076.29296875,47254056,0.0,0.0
2025-02-14 13:00:00-05:00,22077.232421875,22092.0625,22065.5234375,22076.70703125,39258744,0.0,0.0
2025-02-14 13:30:00-05:00,22075.9296875,22118.294921875,22075.9296875,22104.828125,57980242,0.0,0.0
2025-02-14 14:00:00-05:00,22104.494140625,22123.724609375,22095.95703125,22096.330078125,53385339,0.0,0.0
2025-02-14 14:30:00-05:00,22095.36328125,22098.427734375,22075.38671875,22097.251953125,45535430,0.0,0.0
2025-02-14 15:00:00-05:00,22093.494140625,22109.974609375,22081.783203125,22104.755859375,59556055,0.0,0.0
2025-02-14 15:30:00-05:00,22103.896484375,22138.697265625,22101.341796875,22110.4140625,113355825,0.0,0.0
2025-02-18 09:30:00-05:00,22174.7265625,22189.759765625,22088.056640625,22130.94921875,147970922,0.0,0.0
2025-02-18 10:00:00-05:00,22122.265625,22128.41015625,22055.03515625,22061.837890625,125994043,0.0,0.0
2025-02-18 10:30:00-05:00,22060.837890625,22110.935546875,22051.060546875,22110.408203125,90562112,0.0,0.0
2025-02-18 11:00:00-05:00,22107.2734375,22128.70703125,22093.2421875,22125.73046875,65784463,0.0,0.0
2025-02-18 11:30:00-05:00,22126.560546875,22135.4609375,22100.54296875,22108.609375,57971986,0.0,0.0
2025-02-18 12:00:00-05:00,22107.623046875,22113.294921875,22086.94921875,22094.259765625,54547809,0.0,0.0
2025-02-18 12:30:00-05:00,22095.2109375,22121.7578125,22095.2109375,22116.9921875,45081510,0.0,0.0
2025-02-18 13:00:00-05:00,22116.396484375,22129.021484375,22078.05859375,22084.97265625,50499923,0.0,0.0
2025-02-18 13:30:00-05:00,22084.75390625,22091.94921875,22061.7890625,22080.537109375,51098824,0.0,0.0
2025-02-18 14:00:00-05:00,22080.443359375,22089.41015625,22030.220703125,22073.556640625,61923323,0.0,0.0
2025-02-18 14:30:00-05:00,22073.873046875,22106.814453125,22069.3046875,22099.7890625,57262207,0.0,0.0
2025-02-18 15:00:00-05:00,22101.166015625,22103.16796875,22087.44140625,22092.23828125,67175158,0.0,0.0
2025-02-18 15:30:00-05:00,22091.80078125,22163.9765625,22081.923828125,22163.9765625,142916816,0.0,0.0
2025-02-19 09:30:00-05:00,22119.01171875,22145.1484375,22085.505859375,22090.73046875,105792879,0.0,0.0
2025-02-19 10:00:00-05:00,22092.15625,22104.671875,22046.0,22076.701171875,95607514,0.0,0.0
2025-02-19 10:30:00-05:00,22078.158203125,22131.14453125,22076.177734375,22089.607421875,85512307,0.0,0.0
2025-02-19 11:00:00-05:00,22088.91015625,22149.599609375,22088.783203125,22144.435546875,70280675,0.0,0.0
2025-02-19 11:30:00-05:00,22141.24609375,22166.04296875,22135.255859375,22163.267578125,58548297,0.0,0.0
2025-02-19 12:00:00-05:00,22161.298828125,22176.478515625,22140.326171875,22147.251953125,47730670,0.0,0.0
2025-02-19 12:30:00-05:00,22146.623046875,22181.05078125,22137.693359375,22170.044921875,48229392,0.0,0.0
2025-02-19 13:00:00-05:00,22170.2578125,22173.748046875,22125.3828125,22169.25390625,43592353,0.0,0.0
2025-02-19 13:30:00-05:00,22172.4453125,22190.466796875,22156.58203125,22156.58203125,40199232,0.0,0.0
2025-02-19 14:00:00-05:00,22159.80078125,22209.1796875,22155.41015625,22197.625,47059110,0.0,0.0
2025-02-19 14:30:00-05:00,22196.462890625,22222.349609375,22189.03515625,22220.76171875,46409558,0.0,0.0
2025-02-19 15:00:00-05:00,22217.2265625,22217.2265625,22130.111328125,22140.779296875,91795924,0.0,0.0
2025-02-19 15:30:00-05:00,22146.732421875,22181.888671875,22141.02734375,22174.77734375,146052933,0.0,0.0
2025-02-20 09:30:00-05:00,22134.845703125,22146.4140625,21927.71484375,21931.96875,144087502,0.0,0.0
2025-02-20 10:00:00-05:00,21934.12109375,22024.09765625,21879.466796875,22009.861328125,134788499,0.0,0.0
2025-02-20 10:30:00-05:00,22009.291015625,22023.998046875,21903.279296875,21907.626953125,79350412,0.0,0.0
2025-02-20 11:00:00-05:00,21913.958984375,21998.291015625,21912.0390625,21985.095703125,74561068,0.0,0.0
2025-02-20 11:30:00-05:00,21985.609375,21993.115234375,21946.890625,21959.052734375,67648174,0.0,0.0
2025-02-20 12:00:00-05:00,21957.2109375,22013.517578125,21953.103515625,22002.861328125,58893061,0.0,0.0
2025-02-20 12:30:00-05:00,22004.158203125,22018.8359375,21966.669921875,21967.138671875,41884840,0.0,0.0
2025-02-20 13:00:00-05:00,21964.025390625,21989.984375,21955.541015625,21970.96875,42407586,0.0,0.0
2025-02-20 13:30:00-05:00,21969.302734375,21999.375,21965.845703125,21993.548828125,39949578,0.0,0.0
2025-02-20 14:00:00-05:00,21989.71875,22032.712890625,21989.71875,22017.333984375,51192782,0.0,0.0
2025-02-20 14:30:00-05:00,22017.607421875,22049.158203125,21983.220703125,22042.181640625,51033622,0.0,0.0
2025-02-20 15:00:00-05:00,22042.630859375,22046.185546875,22010.87890625,22027.25,59184309,0.0,0.0
2025-02-20 15:30:00-05:00,22027.537109375,22072.2734375,22019.482421875,22069.869140625,108293668,0.0,0.0
2025-02-21 09:30:00-05:00,22112.115234375,22113.158203125,22026.07421875,22026.07421875,90540977,0.0,0.0
2025-02-21 10:00:00-05:00,21998.87109375,22041.421875,21928.8203125,21940.111328125,89483557,0.0,0.0
2025-02-21 10:30:00-05:00,21938.236328125,21949.341796875,21879.412109375,21934.384765625,83016218,0.0,0.0
2025-02-21 11:00:00-05:00,21945.15234375,21959.1875,21900.583984375,21928.953125,69076521,0.0,0.0
2025-02-21 11:30:00-05:00,21925.0,21950.59765625,21900.73828125,21914.53515625,53615810,0.0,0.0
2025-02-21 12:00:00-05:00,21912.28515625,21929.96875,21824.181640625,21858.541015625,56227418,0.0,0.0
2025-02-21 12:30:00-05:00,21859.470703125,21860.73046875,21771.857421875,21783.72265625,66012127,0.0,0.0
2025-02-21 13:00:00-05:00,21784.380859375,21784.380859375,21716.240234375,21732.74609375,84492231,0.0,0.0
2025-02-21 13:30:00-05:00,21732.71484375,21780.375,21699.72265625,21704.84765625,63743010,0.0,0.0
2025-02-21 14:00:00-05:00,21705.119140625,21713.765625,21607.802734375,21611.119140625,68605900,0.0,0.0
2025-02-21 14:30:00-05:00,21611.1484375,21653.2734375,21602.015625,21621.412109375,74190601,0.0,0.0
2025-02-21 15:00:00-05:00,21622.0546875,21645.46875,21608.876953125,21634.595703125,75681048,0.0,0.0
2025-02-21 15:30:00-05:00,21638.4140625,21640.4609375,21597.15625,21615.22265625,136514713,0.0,0.0
2025-02-24 09:30:00-05:00,21667.404296875,21726.03515625,21494.392578125,21498.708984375,139733679,0.0,0.0
2025-02-24 10:00:00-05:00,21504.427734375,21510.712890625,21373.248046875,21435.65234375,165508601,0.0,0.0
2025-02-24 10:30:00-05:00,21437.875,21458.181640625,21380.353515625,21425.01953125,101913748,0.0,0.0
2025-02-24 11:00:00-05:00,21426.486328125,21538.8046875,21421.072265625,21529.078125,88078652,0.0,0.0
2025-02-24 11:30:00-05:00,21536.0546875,21558.822265625,21492.470703125,21514.18359375,66246921,0.0,0.0
2025-02-24 12:00:00-05:00,21511.060546875,21586.466796875,21509.861328125,21566.65234375,57816082,0.0,0.0
2025-02-24 12:30:00-05:00,21565.24609375,21593.982421875,21542.271484375,21544.771484375,44356036,0.0,0.0
2025-02-24 13:00:00-05:00,21544.578125,21592.494140625,21543.96484375,21581.595703125,42437333,0.0,0.0
2025-02-24 13:30:00-05:00,21582.498046875,21585.72265625,21534.462890625,21542.595703125,41981388,0.0,0.0
2025-02-24 14:00:00-05:00,21541.0,21569.677734375,21503.3359375,21505.3984375,48115117,0.0,0.0
2025-02-24 14:30:00-05:00,21504.390625,21530.013671875,21475.73046875,21485.318359375,45655084,0.0,0.0
2025-02-24 15:00:00-05:00,21485.8359375,21500.978515625,21455.521484375,21455.990234375,63270366,0.0,0.0
2025-02-24 15:30:00-05:00,21457.322265625,21484.77734375,21342.76953125,21355.154296875,115954920,0.0,0.0
2025-02-25 09:30:00-05:00,21304.205078125,21326.37890625,21151.208984375,21194.54296875,135512428,0.0,0.0
2025-02-25 10:00:00-05:00,21194.6328125,21194.6328125,20969.185546875,20986.111328125,161430818,0.0,0.0
2025-02-25 10:30:00-05:00,20998.357421875,21096.35546875,20977.75390625,21042.5390625,122154300,0.0,0.0
2025-02-25 11:00:00-05:00,21044.015625,21044.015625,20969.978515625,20974.90625,93203825,0.0,0.0
2025-02-25 11:30:00-05:00,20983.50390625,21136.98828125,20930.578125,21113.19140625,87712318,0.0,0.0
2025-02-25 12:00:00-05:00,21104.7890625,21126.05859375,21051.203125,21126.05859375,63415453,0.0,0.0
2025-02-25 12:30:00-05:00,21125.103515625,21160.10546875,21118.30078125,21155.8515625,64692175,0.0,0.0
2025-02-25 13:00:00-05:00,21159.0234375,21214.71875,21111.42578125,21111.42578125,59566055,0.0,0.0
2025-02-25 13:30:00-05:00,21112.41015625,21187.5078125,21105.408203125,21136.953125,54565471,0.0,0.0
2025-02-25 14:00:00-05:00,21134.875,21139.7109375,21064.0390625,21072.134765625,61172679,0.0,0.0
2025-02-25 14:30:00-05:00,21071.126953125,21147.24609375,21071.126953125,21137.462890625,58342960,0.0,0.0
2025-02-25 15:00:00-05:00,21135.814453125,21196.107421875,21122.265625,21159.865234375,71979000,0.0,0.0
2025-02-25 15:30:00-05:00,21162.845703125,21162.845703125,21057.80078125,21090.609375,124904000,0.0,0.0
2025-02-26 09:30:00-05:00,21159.41015625,21256.7265625,21140.65234375,21247.494140625,111140204,0.0,0.0
2025-02-26 10:00:00-05:00,21242.1015625,21310.1015625,21213.017578125,21220.38671875,107186674,0.0,0.0
2025-02-26 10:30:00-05:00,21226.25,21298.69921875,21226.25,21296.25390625,83694453,0.0,0.0
2025-02-26 11:00:00-05:00,21301.05078125,21346.658203125,21299.13671875,21310.91015625,78555610,0.0,0.0
2025-02-26 11:30:00-05:00,21308.986328125,21349.9765625,21287.072265625,21290.6171875,65966446,0.0,0.0
2025-02-26 12:00:00-05:00,21294.76171875,21348.1953125,21282.61328125,21320.998046875,54622389,0.0,0.0
2025-02-26 12:30:00-05:00,21320.66796875,21332.21875,21179.677734375,21194.865234375,60974589,0.0,0.0
2025-02-26 13:00:00-05:00,21190.365234375,21199.484375,21118.8515625,21119.66015625,59410648,0.0,0.0
2025-02-26 13:30:00-05:00,21114.51953125,21144.828125,21033.349609375,21048.248046875,71583739,0.0,0.0
2025-02-26 14:00:00-05:00,21047.447265625,21095.1328125,21013.3359375,21073.251953125,76365284,0.0,0.0
2025-02-26 14:30:00-05:00,21070.96875,21112.86328125,21034.453125,21036.80859375,43201022,0.0,0.0
2025-02-26 15:00:00-05:00,21038.76953125,21108.41015625,21027.7890625,21098.31640625,67588485,0.0,0.0
2025-02-26 15:30:00-05:00,21094.783203125,21163.384765625,21074.916015625,21137.451171875,113728865,0.0,0.0
2025-02-27 09:30:00-05:00,21279.724609375,21321.740234375,20946.126953125,20958.4765625,166532478,0.0,0.0
2025-02-27 10:00:00-05:00,20939.154296875,21105.271484375,20851.568359375,21073.689453125,144913667,0.0,0.0
2025-02-27 10:30:00-05:00,21075.201171875,21076.6796875,20964.642578125,20964.642578125,87644279,0.0,0.0
2025-02-27 11:00:00-05:00,20964.82421875,21102.28125,20962.912109375,21015.01171875,82589740,0.0,0.0
2025-02-27 11:30:00-05:00,21009.5078125,21046.2890625,20947.525390625,20952.560546875,58787788,0.0,0.0
2025-02-27 12:00:00-05:00,20955.197265625,20999.76171875,20912.232421875,20999.76171875,58559800,0.0,0.0
2025-02-27 12:30:00-05:00,21001.19140625,21016.890625,20945.150390625,20982.724609375,51471584,0.0,0.0
2025-02-27 13:00:00-05:00,20981.921875,21061.59765625,20979.736328125,21041.009765625,59851288,0.0,0.0
2025-02-27 13:30:00-05:00,21042.7421875,21054.73828125,20998.873046875,20998.873046875,49958718,0.0,0.0
2025-02-27 14:00:00-05:00,21001.287109375,21001.287109375,20843.01953125,20845.4140625,71735134,0.0,0.0
2025-02-27 14:30:00-05:00,20846.265625,20846.265625,20748.5703125,20780.78515625,101227782,0.0,0.0
2025-02-27 15:00:00-05:00,20783.865234375,20785.580078125,20635.48828125,20637.837890625,109380000,0.0,0.0
2025-02-27 15:30:00-05:00,20647.9140625,20683.19921875,20543.365234375,20553.85546875,159696000,0.0,0.0
2025-02-28 09:30:00-05:00,20520.771484375,20581.337890625,20407.51953125,20539.626953125,144591341,0.0,0.0
2025-02-28 10:00:00-05:00,20535.515625,20713.19921875,20516.927734375,20712.943359375,143827871,0.0,0.0
2025-02-28 10:30:00-05:00,20699.38671875,20731.07421875,20634.712890625,20716.20703125,108871330,0.0,0.0
2025-02-28 11:00:00-05:00,20716.96875,20727.244140625,20590.28125,20593.271484375,82322489,0.0,0.0
2025-02-28 11:30:00-05:00,20588.85546875,20690.779296875,20582.59375,20647.65625,61321854,0.0,0.0
2025-02-28 12:00:00-05:00,20650.255859375,20696.3125,20620.869140625,20651.72265625,56139919,0.0,0.0
2025-02-28 12:30:00-05:00,20652.244140625,20653.974609375,20493.12890625,20493.12890625,71526626,0.0,0.0
2025-02-28 13:00:00-05:00,20486.275390625,20543.39453125,20442.720703125,20543.39453125,68970276,0.0,0.0
2025-02-28 13:30:00-05:00,20541.884765625,20608.88671875,20498.125,20498.189453125,65634575,0.0,0.0
2025-02-28 14:00:00-05:00,20494.453125,20563.169921875,20494.453125,20555.3125,53050141,0.0,0.0
2025-02-28 14:30:00-05:00,20549.65625,20668.38671875,20545.271484375,20661.6875,62646831,0.0,0.0
2025-02-28 15:00:00-05:00,20659.603515625,20718.69921875,20647.525390625,20718.083984375,72433000,0.0,0.0
2025-02-28 15:30:00-05:00,20719.294921875,20900.767578125,20641.302734375,20874.931640625,146482000,0.0,0.0
2025-03-03 09:30:00-05:00,20980.072265625,21073.802734375,20787.86328125,20791.24609375,147887624,0.0,0.0
2025-03-03 10:00:00-05:00,20737.998046875,20908.716796875,20721.705078125,20908.716796875,128701116,0.0,0.0
2025-03-03 10:30:00-05:00,20908.79296875,20940.54296875,20810.541015625,20814.169921875,85842321,0.0,0.0
2025-03-03 11:00:00-05:00,20827.998046875,20935.990234375,20827.998046875,20848.5,68570690,0.0,0.0
2025-03-03 11:30:00-05:00,20856.91015625,20890.376953125,20791.515625,20877.74609375,63715271,0.0,0.0
2025-03-03 12:00:00-05:00,20873.294921875,20906.8046875,20861.30078125,20894.13671875,59024580,0.0,0.0
2025-03-03 12:30:00-05:00,20894.052734375,20912.705078125,20784.490234375,20805.875,71562197,0.0,0.0
2025-03-03 13:00:00-05:00,20801.95703125,20810.46875,20636.044921875,20643.072265625,95705974,0.0,0.0
2025-03-03 13:30:00-05:00,20642.92578125,20718.62109375,20614.955078125,20704.669921875,72382589,0.0,0.0
2025-03-03 14:00:00-05:00,20699.451171875,20746.9140625,20662.78515625,20670.13671875,60080500,0.0,0.0
2025-03-03 14:30:00-05:00,20669.259765625,20769.478515625,20562.59375,20562.59375,80456660,0.0,0.0
2025-03-03 15:00:00-05:00,20563.154296875,20563.154296875,20323.951171875,20338.5,133743000,0.0,0.0
2025-03-03 15:30:00-05:00,20348.068359375,20427.15625,20279.5703125,20427.15625,163311000,0.0,0.0
2025-03-04 09:30:00-05:00,20274.853515625,20375.0078125,20195.220703125,20195.220703125,163422089,0.0,0.0
2025-03-04 10:00:00-05:00,20170.384765625,20201.20703125,20035.16796875,20118.111328125,176993113,0.0,0.0
2025-03-04 10:30:00-05:00,20106.669921875,20209.28515625,20099.19140625,20156.259765625,118249331,0.0,0.0
2025-03-04 11:00:00-05:00,20146.154296875,20178.83984375,20066.361328125,20096.96875,88395645,0.0,0.0
2025-03-04 11:30:00-05:00,20118.80859375,20291.990234375,20118.80859375,20256.041015625,94631642,0.0,0.0
2025-03-04 12:00:00-05:00,20260.744140625,20383.546875,20225.568359375,20355.25,82265769,0.0,0.0
2025-03-04 12:30:00-05:00,20347.845703125,20365.529296875,20281.576171875,20294.484375,76905302,0.0,0.0
2025-03-04 13:00:00-05:00,20290.841796875,20445.5390625,20276.361328125,20337.119140625,73660873,0.0,0.0
2025-03-04 13:30:00-05:00,20335.71484375,20478.216796875,20311.88671875,20458.8125,64165000,0.0,0.0
2025-03-04 14:00:00-05:00,20458.4140625,20576.86328125,20458.4140625,20524.4609375,85176000,0.0,0.0
2025-03-04 14:30:00-05:00,20530.48828125,20585.4296875,20501.908203125,20581.6484375,72516000,0.0,0.0
2025-03-04 15:00:00-05:00,20580.3828125,20688.462890625,20562.046875,20637.14453125,91899000,0.0,0.0
2025-03-04 15:30:00-05:00,20639.076171875,20639.076171875,20282.783203125,20351.5546875,156707000,0.0,0.0
2025-03-05 09:30:00-05:00,20368.197265625,20418.15234375,20239.037109375,20287.134765625,115751353,0.0,0.0
2025-03-05 10:00:00-05:00,20311.68359375,20451.25390625,20277.248046875,20298.134765625,114902301,0.0,0.0
2025-03-05 10:30:00-05:00,20297.123046875,20398.099609375,20284.287109375,20354.51171875,75292178,0.0,0.0
2025-03-05 11:00:00-05:00,20341.7890625,20342.443359375,20224.603515625,20264.55859375,77093833,0.0,0.0
2025-03-05 11:30:00-05:00,20255.677734375,20326.431640625,20186.994140625,20305.546875,71745327,0.0,0.0
2025-03-05 12:00:00-05:00,20311.794921875,20435.1171875,20297.8125,20435.1171875,62555677,0.0,0.0
2025-03-05 12:30:00-05:00,20437.091796875,20534.904296875,20407.32421875,20532.697265625,71431901,0.0,0.0
2025-03-05 13:00:00-05:00,20532.30078125,20543.509765625,20418.826171875,20464.861328125,66358294,0.0,0.0
2025-03-05 13:30:00-05:00,20459.58203125,20554.71484375,20418.748046875,20552.873046875,50920966,0.0,0.0
2025-03-05 14:00:00-05:00,20551.166015625,20671.0859375,20525.59765625,20603.361328125,75596254,0.0,0.0
2025-03-05 14:30:00-05:00,20603.79296875,20652.90625,20572.517578125,20614.84375,61261936,0.0,0.0
2025-03-05 15:00:00-05:00,20618.736328125,20687.87109375,20575.5390625,20655.98828125,81617075,0.0,0.0
2025-03-05 15:30:00-05:00,20649.056640625,20664.775390625,20571.150390625,20625.630859375,117202992,0.0,0.0
2025-03-06 09:30:00-05:00,20229.20703125,20303.720703125,20198.935546875,20254.4375,133387284,0.0,0.0
2025-03-06 10:00:00-05:00,20237.400390625,20445.029296875,20226.24609375,20426.447265625,117591671,0.0,0.0
2025-03-06 10:30:00-05:00,20423.685546875,20473.404296875,20359.734375,20397.81640625,84352024,0.0,0.0
2025-03-06 11:00:00-05:00,20402.86328125,20454.353515625,20323.923828125,20375.978515625,73115416,0.0,0.0
2025-03-06 11:30:00-05:00,20377.3046875,20425.662109375,20217.791015625,20220.486328125,79493560,0.0,0.0
2025-03-06 12:00:00-05:00,20214.01953125,20237.697265625,20100.009765625,20122.619140625,85375781,0.0,0.0
2025-03-06 12:30:00-05:00,20122.30078125,20165.3203125,20061.41015625,20138.291015625,69533541,0.0,0.0
2025-03-06 13:00:00-05:00,20138.541015625,20170.9296875,20093.1640625,20101.87890625,61228185,0.0,0.0
2025-03-06 13:30:00-05:00,20100.783203125,20125.06640625,20013.34765625,20086.345703125,70885873,0.0,0.0
2025-03-06 14:00:00-05:00,20090.09375,20090.09375,19976.095703125,19993.060546875,72524533,0.0,0.0
2025-03-06 14:30:00-05:00,19991.81640625,20166.140625,19968.556640625,20018.79296875,95001406,0.0,0.0
2025-03-06 15:00:00-05:00,20002.6015625,20109.16015625,19998.732421875,20070.6015625,88494000,0.0,0.0
2025-03-06 15:30:00-05:00,20088.85546875,20112.951171875,20007.21484375,20050.384765625,138942000,0.0,0.0
2025-03-07 09:30:00-05:00,20036.9765625,20205.25,20004.005859375,20117.107421875,129071052,0.0,0.0
2025-03-07 10:00:00-05:00,20109.826171875,20154.03515625,20015.24609375,20024.1640625,107019769,0.0,0.0
2025-03-07 10:30:00-05:00,20014.37890625,20040.857421875,19860.25,19987.40234375,132892439,0.0,0.0
2025-03-07 11:00:00-05:00,19974.1328125,19993.0859375,19828.13671875,19838.2421875,91825149,0.0,0.0
2025-03-07 11:30:00-05:00,19847.0234375,19848.265625,19738.013671875,19801.439453125,118727604,0.0,0.0
2025-03-07 12:00:00-05:00,19803.3203125,19860.3125,19747.40234375,19841.28515625,86451257,0.0,0.0
2025-03-07 12:30:00-05:00,19822.609375,20046.671875,19819.46875,19919.4296875,99407282,0.0,0.0
2025-03-07 13:00:00-05:00,19918.52734375,20088.634765625,19918.52734375,20021.759765625,76575077,0.0,0.0
2025-03-07 13:30:00-05:00,20023.865234375,20143.9609375,20014.708984375,20137.326171875,70856745,0.0,0.0
2025-03-07 14:00:00-05:00,20138.849609375,20236.396484375,20096.15625,20220.158203125,77596210,0.0,0.0
2025-03-07 14:30:00-05:00,20221.7734375,20241.46484375,20138.9375,20164.150390625,69583000,0.0,0.0
2025-03-07 15:00:00-05:00,20153.033203125,20220.830078125,20146.5625,20195.259765625,72350000,0.0,0.0
2025-03-07 15:30:00-05:00,20193.837890625,20250.36328125,20073.65625,20197.064453125,132412000,0.0,0.0
2025-03-10 09:30:00-04:00,19823.03125,19864.69921875,19720.603515625,19758.794921875,126986131,0.0,0.0
2025-03-10 10:00:00-04:00,19725.322265625,19736.697265625,19629.169921875,19636.54296875,141285294,0.0,0.0
2025-03-10 10:30:00-04:00,19630.142578125,19647.001953125,19491.908203125,19522.91015625,140762945,0.0,0.0
2025-03-10 11:00:00-04:00,19528.845703125,19604.400390625,19522.349609375,19604.056640625,108918072,0.0,0.0
2025-03-10 11:30:00-04:00,19606.201171875,19671.48046875,19548.462890625,19560.33203125,96353349,0.0,0.0
2025-03-10 12:00:00-04:00,19557.568359375,19586.068359375,19494.416015625,19545.828125,81451709,0.0,0.0
2025-03-10 12:30:00-04:00,19551.8828125,19604.5703125,19503.1484375,19515.39453125,78281135,0.0,0.0
2025-03-10 13:00:00-04:00,19513.494140625,19519.7265625,19428.072265625,19475.86328125,95207695,0.0,0.0
2025-03-10 13:30:00-04:00,19475.267578125,19480.2109375,19394.05859375,19413.64453125,80690471,0.0,0.0
2025-03-10 14:00:00-04:00,19411.583984375,19460.61328125,19370.0,19400.24609375,85532000,0.0,0.0
2025-03-10 14:30:00-04:00,19405.13671875,19432.193359375,19305.587890625,19308.673828125,76037000,0.0,0.0
2025-03-10 15:00:00-04:00,19306.142578125,19464.423828125,19248.150390625,19407.35546875,138432000,0.0,0.0
2025-03-10 15:30:00-04:00,19405.55859375,19517.04296875,19369.416015625,19432.875,190197000,0.0,0.0
2025-03-11 09:30:00-04:00,19409.2890625,19573.10546875,19362.60546875,19495.5078125,145530271,0.0,0.0
2025-03-11 10:00:00-04:00,19457.33203125,19558.650390625,19288.619140625,19293.970703125,150893503,0.0,0.0
2025-03-11 10:30:00-04:00,19299.810546875,19381.94140625,19240.578125,19289.21875,126901134,0.0,0.0
2025-03-11 11:00:00-04:00,19272.21484375,19473.041015625,19265.703125,19406.099609375,100023827,0.0,0.0
2025-03-11 11:30:00-04:00,19414.61328125,19516.2109375,19394.25390625,19394.25390625,78390621,0.0,0.0
2025-03-11 12:00:00-04:00,19393.044921875,19415.28125,19314.052734375,19359.3671875,70015509,0.0,0.0
2025-03-11 12:30:00-04:00,19374.375,19402.62890625,19273.388671875,19297.802734375,61221319,0.0,0.0
2025-03-11 13:00:00-04:00,19296.427734375,19299.818359375,19185.9296875,19189.453125,65049416,0.0,0.0
2025-03-11 13:30:00-04:00,19185.875,19338.048828125,19184.61328125,19291.845703125,70677979,0.0,0.0
2025-03-11 14:00:00-04:00,19293.9453125,19514.740234375,19293.013671875,19480.587890625,79984508,0.0,0.0
2025-03-11 14:30:00-04:00,19481.01171875,19659.427734375,19443.12890625,19611.732421875,99807000,0.0,0.0
2025-03-11 15:00:00-04:00,19611.41015625,19646.30078125,19486.349609375,19526.14453125,100325000,0.0,0.0
2025-03-11 15:30:00-04:00,19529.986328125,19536.306640625,19369.71875,19375.0625,126325000,0.0,0.0
2025-03-12 09:30:00-04:00,19667.056640625,19756.0859375,19574.63671875,19617.357421875,153709432,0.0,0.0
2025-03-12 10:00:00-04:00,19598.033203125,19697.20703125,19570.052734375,19611.69921875,121474235,0.0,0.0
2025-03-12 10:30:00-04:00,19608.46484375,19617.263671875,19453.900390625,19454.798828125,100342799,0.0,0.0
2025-03-12 11:00:00-04:00,19456.71484375,19516.34375,19377.244140625,19500.853515625,90377742,0.0,0.0
2025-03-12 11:30:00-04:00,19504.7265625,19611.166015625,19492.2890625,19611.166015625,73009131,0.0,0.0
2025-03-12 12:00:00-04:00,19605.23046875,19676.99609375,19570.86328125,19656.076171875,70591063,0.0,0.0
2025-03-12 12:30:00-04:00,19664.443359375,19704.171875,19593.3203125,19610.1015625,70431780,0.0,0.0
2025-03-12 13:00:00-04:00,19617.150390625,19680.1328125,19588.40625,19677.736328125,54783844,0.0,0.0
2025-03-12 13:30:00-04:00,19676.775390625,19693.26171875,19516.88671875,19516.88671875,60398731,0.0,0.0
2025-03-12 14:00:00-04:00,19516.564453125,19616.2578125,19516.564453125,19616.236328125,61043426,0.0,0.0
2025-03-12 14:30:00-04:00,19618.095703125,19682.4140625,19602.751953125,19657.150390625,56988176,0.0,0.0
2025-03-12 15:00:00-04:00,19652.072265625,19655.181640625,19576.986328125,19600.4375,69891000,0.0,0.0
2025-03-12 15:30:00-04:00,19612.92578125,19626.85546875,19540.154296875,19592.23046875,122760000,0.0,0.0
2025-03-13 09:30:00-04:00,19530.626953125,19555.0625,19325.22265625,19347.80859375,163783253,0.0,0.0
2025-03-13 10:00:00-04:00,19314.755859375,19542.47265625,19308.146484375,19463.224609375,144835105,0.0,0.0
2025-03-13 10:30:00-04:00,19461.515625,19506.623046875,19388.81640625,19406.9140625,91637558,0.0,0.0
2025-03-13 11:00:00-04:00,19438.017578125,19455.322265625,19329.8671875,19339.830078125,75064776,0.0,0.0
2025-03-13 11:30:00-04:00,19337.8046875,19359.232421875,19264.794921875,19276.19140625,81480615,0.0,0.0
2025-03-13 12:00:00-04:00,19277.10546875,19327.974609375,19270.591796875,19284.703125,66086437,0.0,0.0
2025-03-13 12:30:00-04:00,19276.0234375,19366.80078125,19226.73046875,19265.115234375,74314741,0.0,0.0
2025-03-13 13:00:00-04:00,19267.818359375,19283.3671875,19164.0703125,19202.361328125,66589156,0.0,0.0
2025-03-13 13:30:00-04:00,19195.732421875,19203.62890625,19153.556640625,19172.251953125,65248676,0.0,0.0
2025-03-13 14:00:00-04:00,19171.10546875,19306.830078125,19169.99609375,19305.505859375,67083339,0.0,0.0
2025-03-13 14:30:00-04:00,19306.771484375,19354.6640625,19289.66015625,19342.630859375,63205000,0.0,0.0
2025-03-13 15:00:00-04:00,19341.31640625,19372.712890625,19226.673828125,19239.330078125,73635000,0.0,0.0
2025-03-13 15:30:00-04:00,19234.25,19257.40234375,19168.5,19226.625,132958000,0.0,0.0
2025-03-14 09:30:00-04:00,19464.884765625,19600.79296875,19462.484375,19524.880859375,130612324,0.0,0.0
2025-03-14 10:00:00-04:00,19444.0546875,19561.87109375,19436.921875,19455.37109375,123263833,0.0,0.0
2025-03-14 10:30:00-04:00,19458.623046875,19584.732421875,19458.623046875,19584.732421875,82424400,0.0,0.0
2025-03-14 11:00:00-04:00,19598.666015625,19644.595703125,19587.05078125,19629.876953125,83940931,0.0,0.0
2025-03-14 11:30:00-04:00,19630.119140625,19686.134765625,19628.83203125,19662.1328125,75153821,0.0,0.0
2025-03-14 12:00:00-04:00,19663.41015625,19672.31640625,19597.53125,19602.107421875,59838884,0.0,0.0
2025-03-14 12:30:00-04:00,19602.17578125,19687.83984375,19595.01171875,19672.0390625,56943549,0.0,0.0
2025-03-14 13:00:00-04:00,19663.521484375,19689.89453125,19629.27734375,19637.34765625,52616547,0.0,0.0
2025-03-14 13:30:00-04:00,19637.1640625,19653.736328125,19605.474609375,19613.49609375,47143752,0.0,0.0
2025-03-14 14:00:00-04:00,19614.484375,19651.861328125,19597.68359375,19614.4765625,48401645,0.0,0.0
2025-03-14 14:30:00-04:00,19617.4921875,19684.990234375,19617.24609375,19657.337890625,56816321,0.0,0.0
2025-03-14 15:00:00-04:00,19656.21484375,19695.09765625,19649.693359375,19654.046875,61244341,0.0,0.0
2025-03-14 15:30:00-04:00,19654.568359375,19728.73046875,19638.076171875,19700.25,121504415,0.0,0.0
2025-03-17 09:30:00-04:00,19669.984375,19832.9765625,19669.984375,19776.083984375,123944289,0.0,0.0
2025-03-17 10:00:00-04:00,19766.60546875,19799.50390625,19706.888671875,19706.888671875,119840143,0.0,0.0
2025-03-17 10:30:00-04:00,19702.92578125,19742.662109375,19660.62890625,19669.603515625,91182699,0.0,0.0
2025-03-17 11:00:00-04:00,19672.162109375,19717.373046875,19643.673828125,19670.376953125,72957137,0.0,0.0
2025-03-17 11:30:00-04:00,19667.927734375,19684.890625,19623.65234375,19666.1484375,59180766,0.0,0.0
2025-03-17 12:00:00-04:00,19666.85546875,19725.28125,19647.521484375,19654.880859375,57071479,0.0,0.0
2025-03-17 12:30:00-04:00,19658.517578125,19697.630859375,19646.412109375,19685.404296875,55380706,0.0,0.0
2025-03-17 13:00:00-04:00,19685.27734375,19754.158203125,19664.99609375,19744.33203125,51755188,0.0,0.0
2025-03-17 13:30:00-04:00,19746.302734375,19817.84765625,19740.236328125,19804.33984375,51249683,0.0,0.0
2025-03-17 14:00:00-04:00,19803.72265625,19909.234375,19803.72265625,19903.6953125,61938468,0.0,0.0
2025-03-17 14:30:00-04:00,19896.57421875,19943.556640625,19896.57421875,19926.51171875,59590773,0.0,0.0
2025-03-17 15:00:00-04:00,19926.095703125,19929.609375,19891.341796875,19905.1484375,63617222,0.0,0.0
2025-03-17 15:30:00-04:00,19899.6953125,19914.95703125,19813.51953125,19814.556640625,114930793,0.0,0.0
2025-03-18 09:30:00-04:00,19653.58203125,19674.65625,19445.240234375,19461.412109375,163363575,0.0,0.0
2025-03-18 10:00:00-04:00,19436.80078125,19500.5703125,19431.791015625,19486.556640625,113570089,0.0,0.0
2025-03-18 10:30:00-04:00,19484.986328125,19516.802734375,19444.005859375,19471.693359375,83224678,0.0,0.0
2025-03-18 11:00:00-04:00,19467.728515625,19472.748046875,19397.931640625,19458.529296875,538169375,0.0,0.0
2025-03-18 11:30:00-04:00,19449.94921875,19482.939453125,19421.837890625,19448.0703125,56787351,0.0,0.0
2025-03-18 12:00:00-04:00,19446.8359375,19531.419921875,19440.474609375,19528.009765625,54964380,0.0,0.0
2025-03-18 12:30:00-04:00,19528.205078125,19535.865234375,19446.87109375,19521.291015625,57694087,0.0,0.0

